id,host_id,neighbourhood_group_cleansed,neighbourhood_cleansed,latitude,longitude,price,number_of_reviews
71896,367042,East Region,Tampines,1.34754,103.95958,104.00,24
71903,367042,East Region,Tampines,1.34531,103.961,76.00,46
294281,1521514,Central Region,Newton,1.31142,103.83924,85.00,131
344803,367042,East Region,Tampines,1.34917,103.9609,41.00,60
369141,1521514,Central Region,Newton,1.31144,103.83784,101.00,81
369145,1521514,Central Region,Newton,1.31129,103.83788,91.00,163
468782,2327208,North-East Region,Serangoon,1.36288,103.86575,53.00,83
747813,3926646,Central Region,Downtown Core,1.27663,103.84498,127.00,68
747816,3926646,Central Region,Downtown Core,1.27585,103.84597,127.00,25
765579,2413412,Central Region,Outram,1.2841,103.84253,47.00,2
815685,1439258,Central Region,Bukit Merah,1.29065,103.80941,67.00,16
833289,4360831,Central Region,Bukit Merah,1.27716,103.82299,172.00,2
881253,2413412,Central Region,Outram,1.28485,103.84317,76.00,3
904378,4837194,Central Region,River Valley,1.30046,103.82786,222.00,34
962594,2413412,Central Region,Kallang,1.30663,103.86243,82.00,2
982909,4723385,Central Region,Novena,1.33389,103.83454,85.00,247
1160252,2803932,North-East Region,Serangoon,1.36207,103.8643,77.00,43
1242205,3589987,Central Region,Marine Parade,1.30907,103.9018,549.00,8
1261443,2413412,Central Region,Outram,1.28458,103.84311,76.00,2
1363204,2413412,Central Region,Outram,1.28386,103.84238,66.00,3
1495386,7993224,East Region,Pasir Ris,1.37975,103.94375,58.00,10
1508829,2413412,Central Region,Kallang,1.3072,103.86359,57.00,7
1615074,2413412,Central Region,Outram,1.2841,103.84253,61.00,5
1719704,2413412,Central Region,Outram,1.2841,103.84253,66.00,3
1928296,5092893,North-East Region,Ang Mo Kio,1.37291,103.82978,212.00,79
1941719,3926646,Central Region,Downtown Core,1.27525,103.84524,153.00,73
2129215,7642747,East Region,Bedok,1.31936,103.91663,255.00,369
2142826,9900768,Central Region,Novena,1.32485,103.85143,929.00,21
2156372,6157422,North-East Region,Hougang,1.36722,103.89765,65.00,17
2547778,8948251,Central Region,Kallang,1.31117,103.86214,47.00,1
2922184,1439258,Central Region,Queenstown,1.2805,103.78439,50.00,18
3034137,4422603,North-East Region,Hougang,1.35956,103.88423,93.00,9
3304326,16689958,East Region,Tampines,1.34972,103.96201,85.00,8
3667894,2413412,Central Region,Outram,1.28424,103.84275,66.00,2
4271250,22176293,Central Region,Tanglin,1.29565,103.82867,142.00,170
4441346,23053315,Central Region,Kallang,1.29997,103.88536,124.00,4
4499317,23336011,Central Region,Downtown Core,1.29489,103.85401,326.00,284
4619928,8948251,Central Region,Geylang,1.31563,103.88285,70.00,3
4712676,24353373,North-East Region,Ang Mo Kio,1.36747,103.83865,73.00,4
4741630,8948251,Central Region,Kallang,1.30793,103.86276,66.00,1
4863317,8948251,Central Region,Outram,1.28511,103.84249,56.00,1
4869221,8948251,Central Region,Outram,1.28563,103.84212,91.00,2
4926170,25375339,Central Region,Bishan,1.35299,103.83158,45.00,3
4989903,25185912,Central Region,Bukit Timah,1.31262,103.79717,75.00,6
5040689,11463785,North-East Region,Ang Mo Kio,1.37165,103.82881,46.00,5
5052014,13468566,Central Region,Outram,1.27428,103.84133,178.00,14
5116961,4430782,Central Region,Bukit Merah,1.28366,103.83188,141.00,1
5129422,4705949,East Region,Bedok,1.33042,103.94627,80.00,58
5186159,4705949,East Region,Bedok,1.33011,103.94666,80.00,72
5233415,13468566,Central Region,Bukit Merah,1.27619,103.84074,178.00,29
5253599,11463785,Central Region,Kallang,1.3171,103.85742,80.00,11
5339318,2235699,Central Region,Rochor,1.30358,103.84575,729.00,2
5446857,13468566,Central Region,Bukit Merah,1.27626,103.84073,243.00,7
5448209,13468566,Central Region,Bukit Merah,1.2744,103.84063,212.00,16
5494971,28489587,Central Region,Novena,1.31778,103.84769,111.00,208
5551665,25185912,Central Region,Bukit Timah,1.31269,103.79714,68.00,15
5573458,28809566,North Region,Sembawang,1.44061,103.82386,194.00,3
5634851,11463785,Central Region,Kallang,1.31486,103.85689,97.00,2
5798211,30080617,East Region,Tampines,1.34571,103.96073,63.00,151
5827713,30080617,East Region,Tampines,1.3464,103.96256,62.00,285
5827998,30080617,East Region,Tampines,1.3446,103.96223,53.00,296
5889741,274002237,Central Region,Rochor,1.30153,103.85344,152.00,212
5919270,30080617,East Region,Tampines,1.346,103.9626,70.00,248
6020248,25185912,Central Region,Bukit Timah,1.31132,103.79736,89.00,7
6261313,25185912,Central Region,Bukit Timah,1.31107,103.79687,79.00,10
6300577,26899710,Central Region,Geylang,1.32874,103.88439,100.00,25
6317686,8948251,Central Region,Outram,1.2841,103.84253,66.00,1
6453321,11463785,North-East Region,Ang Mo Kio,1.36973,103.82847,42.00,2
6529707,33003286,West Region,Clementi,1.29575,103.76707,120.00,41
6547248,5556667,Central Region,Bukit Timah,1.34507,103.76804,74.00,1
6603464,28809566,North Region,Sembawang,1.44167,103.82376,127.00,9
6620261,34649530,Central Region,Novena,1.32419,103.85252,199.00,3
6959415,36177912,Central Region,River Valley,1.2922,103.84022,160.00,11
7156419,21763604,Central Region,Downtown Core,1.27284,103.84445,180.00,16
7162659,37512810,Central Region,Queenstown,1.30423,103.784,153.00,8
7250803,37964493,West Region,Jurong East,1.33303,103.72607,63.00,27
7321238,12083856,West Region,Jurong West,1.34265,103.71339,63.00,34
7398096,38761662,East Region,Bedok,1.31401,103.91057,100.00,22
7653937,2413412,Central Region,Kallang,1.3073,103.86344,57.00,1
7667016,8948251,Central Region,Kallang,1.30751,103.86163,57.00,2
7720994,11463785,Central Region,Kallang,1.31555,103.85649,109.00,2
7905972,12422759,Central Region,Marine Parade,1.30634,103.90207,88.00,4
7927886,37964493,West Region,Jurong East,1.33433,103.727,54.00,31
7946472,8948251,Central Region,Kallang,1.30743,103.86305,47.00,1
7994039,8948251,Central Region,Kallang,1.30928,103.86342,48.00,2
8004063,2413412,Central Region,Kallang,1.3075,103.86268,47.00,8
8007663,2413412,Central Region,Kallang,1.30627,103.86415,45.00,3
8017511,22595027,East Region,Bedok,1.32162,103.91466,200.00,33
8038199,23336011,Central Region,Downtown Core,1.29694,103.85557,276.00,241
8111502,24496358,East Region,Bedok,1.31713,103.91314,130.00,8
8111607,24496358,East Region,Bedok,1.31756,103.91254,130.00,1
8113569,24496358,East Region,Bedok,1.31716,103.91232,90.00,6
8113712,24496358,East Region,Bedok,1.31893,103.91257,100.00,7
8113821,24496358,East Region,Bedok,1.31716,103.91259,120.00,6
8113893,24496358,East Region,Bedok,1.31696,103.91394,100.00,9
8113936,24496358,East Region,Bedok,1.31851,103.9123,100.00,8
8114003,24496358,East Region,Bedok,1.31855,103.91259,120.00,15
8160733,2413412,Central Region,Geylang,1.31581,103.88071,49.00,3
8180346,30080617,East Region,Tampines,1.3455,103.96045,55.00,203
8256942,28809566,North Region,Sembawang,1.44162,103.82343,103.00,6
8508225,4604183,Central Region,Downtown Core,1.28172,103.85193,239.00,33
8705956,45661681,Central Region,Downtown Core,1.2802,103.8507,201.00,10
8721639,45661681,Central Region,Downtown Core,1.28199,103.85358,415.00,20
9016784,45661681,Central Region,Novena,1.32205,103.84122,127.00,8
9032240,8948251,Central Region,Outram,1.28417,103.84249,76.00,1
9216943,47682311,West Region,Bukit Batok,1.34842,103.74679,259.00,25
9268058,46515276,Central Region,Kallang,1.30959,103.87369,95.00,34
9268500,46515276,Central Region,Kallang,1.30975,103.87248,113.00,8
9268680,46515276,Central Region,Kallang,1.31106,103.87212,131.00,15
9269260,46515276,Central Region,Kallang,1.31103,103.87422,149.00,9
9269637,46515276,Central Region,Kallang,1.31161,103.8741,180.00,1
9269848,46515276,Central Region,Kallang,1.30976,103.87371,149.00,4
9281075,48196619,West Region,Jurong West,1.34729,103.72103,53.00,30
9320962,25151260,East Region,Bedok,1.31036,103.93592,61.00,95
9351647,47682311,West Region,Bukit Batok,1.35165,103.75409,88.00,8
9532788,49380207,Central Region,Outram,1.28276,103.8433,101.00,206
9635192,49380207,Central Region,Outram,1.2832,103.84217,58.00,187
9746208,49380207,Central Region,Outram,1.28488,103.84215,88.00,157
9828451,2594443,Central Region,Novena,1.31656,103.83964,78.00,10
9857050,31583707,Central Region,Geylang,1.31457,103.8865,192.00,2
9887900,28895367,North-East Region,Sengkang,1.39156,103.87852,160.00,13
9986864,51312096,Central Region,Marine Parade,1.2983,103.89036,150.00,2
10427701,8948251,Central Region,Outram,1.284,103.84346,66.00,2
10718463,52896591,Central Region,Geylang,1.32927,103.90424,140.00,36
11581560,61230299,Central Region,Downtown Core,1.28028,103.85184,226.00,9
11660178,24496358,East Region,Bedok,1.32332,103.91659,200.00,6
11760026,34649530,Central Region,Queenstown,1.28783,103.80346,79.00,2
11980197,63152849,North-East Region,Punggol,1.40088,103.91,66.00,71
11993987,1439258,Central Region,Queenstown,1.28135,103.78765,50.00,14
12028422,1439258,Central Region,Queenstown,1.2814,103.78592,66.00,7
12162272,65322694,Central Region,Kallang,1.29896,103.86146,165.00,256
12213801,2413412,Central Region,Outram,1.28567,103.8416,47.00,1
12317780,66443986,West Region,Bukit Panjang,1.37772,103.77431,250.00,1
12367245,65679130,Central Region,Kallang,1.31005,103.85829,24.00,73
12367388,65679130,Central Region,Kallang,1.31005,103.85829,24.00,156
12434512,1439258,Central Region,Queenstown,1.31248,103.79008,42.00,5
12556334,68059127,East Region,Bedok,1.31693,103.91408,100.00,2
12738797,84411185,Central Region,Southern Islands,1.25035,103.82373,765.00,5
12801097,45661681,Central Region,Downtown Core,1.28038,103.85395,174.00,2
13317120,1439258,Central Region,Queenstown,1.28104,103.78736,131.00,9
13396802,1439258,Central Region,Queenstown,1.28049,103.78534,299.00,17
13556435,78080643,North Region,Woodlands,1.42711,103.77369,69.00,33
13559548,78080643,North Region,Woodlands,1.42764,103.77402,48.00,7
13703898,9453430,East Region,Pasir Ris,1.37173,103.94855,75.00,58
13809823,1170341,Central Region,Tanglin,1.2943,103.8296,117.00,20
13952292,24496358,East Region,Bedok,1.32833,103.91588,140.00,5
13966783,2413412,Central Region,Outram,1.28338,103.84133,57.00,2
13967083,8948251,Central Region,Outram,1.28309,103.84209,57.00,2
13967760,68059127,East Region,Bedok,1.32522,103.91497,180.00,1
14020127,83878917,East Region,Bedok,1.31756,103.91084,172.00,17
14029416,2413412,Central Region,Kallang,1.31233,103.86331,47.00,1
14099732,84863690,East Region,Tampines,1.32683,103.95444,68.00,2
14293554,11390076,Central Region,Toa Payoh,1.34232,103.84138,103.00,4
14435012,25185912,Central Region,Bukit Timah,1.31284,103.79736,65.00,5
14558461,24496358,East Region,Bedok,1.32405,103.91679,199.00,1
14577360,2413412,Central Region,Outram,1.2841,103.84253,69.00,2
14582945,47682311,West Region,Bukit Batok,1.34757,103.74873,88.00,1
14583967,2413412,Central Region,Kallang,1.31001,103.86278,57.00,4
14701395,45661681,Central Region,Novena,1.32157,103.84297,147.00,2
14902239,2413412,Central Region,Kallang,1.30998,103.86369,47.00,1
14953906,2413412,Central Region,Outram,1.28359,103.84242,47.00,2
15100514,21149720,Central Region,Kallang,1.31297,103.85998,251.00,2
15316856,1386714,East Region,Pasir Ris,1.36458,103.97062,46.00,49
15364942,24496358,East Region,Bedok,1.31675,103.91272,70.00,8
15367409,97878860,Central Region,Geylang,1.31552,103.88215,47.00,4
15389076,78364359,West Region,Jurong West,1.34421,103.71932,93.00,22
15406706,2413412,Central Region,Kallang,1.31053,103.86075,45.00,1
15441196,2413412,Central Region,Kallang,1.30983,103.86232,57.00,6
15454153,2327574,East Region,Pasir Ris,1.3547,103.96662,246.00,20
15487894,97878860,Central Region,Kallang,1.3085,103.86112,49.00,2
15508557,47682311,West Region,Bukit Batok,1.34724,103.74834,78.00,5
15538540,2413412,Central Region,Geylang,1.31548,103.8821,47.00,1
15589669,2327574,East Region,Tampines,1.34358,103.95383,198.00,4
15773382,102007408,Central Region,Novena,1.32257,103.84395,62.00,2
15775439,6689302,West Region,Bukit Panjang,1.37466,103.76596,45.00,2
15792137,23336011,Central Region,Outram,1.28156,103.84489,266.00,169
15792808,23336011,Central Region,Outram,1.28243,103.84677,305.00,253
15813099,1521514,Central Region,Newton,1.30933,103.84064,202.00,1
15933531,2413412,Central Region,Outram,1.283,103.84175,66.00,1
15965563,103692249,West Region,Jurong West,1.34679,103.69814,25.00,1
15991345,1521514,Central Region,Newton,1.31268,103.83774,70.00,28
16006904,1521514,Central Region,Newton,1.3114,103.83911,80.00,12
16007139,1521514,Central Region,Novena,1.31234,103.84297,108.00,12
16044788,11390076,Central Region,Newton,1.30641,103.84045,122.00,14
16118606,11463785,Central Region,Kallang,1.31721,103.85684,80.00,15
16150227,68059127,East Region,Bedok,1.31844,103.91237,100.00,4
16150642,68059127,East Region,Bedok,1.31703,103.91242,130.00,4
16209070,8948251,Central Region,Outram,1.2833,103.84368,47.00,1
16213115,46545593,Central Region,Kallang,1.31114,103.86054,307.00,20
16220808,2413412,Central Region,Kallang,1.30768,103.8634,47.00,1
16260783,24496358,East Region,Bedok,1.3255,103.91599,130.00,5
16309636,49380207,Central Region,Outram,1.28373,103.84347,101.00,68
16370834,5423329,North-East Region,Serangoon,1.38703,103.87264,85.00,37
16424205,51481829,West Region,Bukit Batok,1.37738,103.7586,210.00,9
16462052,51481829,West Region,Bukit Batok,1.37723,103.75837,160.00,17
16477283,51481829,West Region,Bukit Batok,1.37741,103.75807,161.00,19
16502098,108417270,East Region,Bedok,1.31889,103.91243,39.00,140
16519375,108476315,Central Region,River Valley,1.29732,103.8397,72.00,19
16552273,8948251,Central Region,Kallang,1.30747,103.86212,47.00,1
16606463,3748166,Central Region,Kallang,1.31398,103.85343,117.00,41
16650721,28809566,North Region,Sembawang,1.44154,103.82184,116.00,1
16742820,111065775,Central Region,River Valley,1.29719,103.83861,250.00,12
16743909,111065775,Central Region,River Valley,1.29685,103.83809,130.00,19
16744167,111065775,Central Region,River Valley,1.29893,103.83636,194.00,19
16745292,111065775,Central Region,River Valley,1.29776,103.83639,194.00,17
16750061,111065775,Central Region,Orchard,1.29899,103.8386,170.00,18
16798945,2413412,Central Region,Kallang,1.3098,103.86165,47.00,1
16846533,111065775,Central Region,River Valley,1.29755,103.83676,170.00,26
16848828,111065775,Central Region,River Valley,1.29771,103.83853,165.00,12
16966634,5423329,North-East Region,Serangoon,1.38565,103.87355,85.00,30
17053896,25375339,Central Region,Geylang,1.31198,103.87923,50.00,5
17179470,23874147,North Region,Woodlands,1.43109,103.77355,63.00,16
17488373,97878860,Central Region,Kallang,1.30834,103.86143,49.00,1
17519803,97878860,Central Region,Outram,1.28498,103.84351,79.00,1
17601150,119614575,Central Region,Geylang,1.30937,103.88366,65.00,24
17615250,97878860,Central Region,Kallang,1.30829,103.86146,56.00,1
17626886,97878860,Central Region,Kallang,1.3095,103.86144,47.00,4
17736530,120966362,West Region,Jurong West,1.33727,103.69013,120.00,30
17766467,97878860,Central Region,Kallang,1.30957,103.86134,59.00,2
17927897,23336011,Central Region,Singapore River,1.28742,103.84786,423.00,57
17928170,23336011,Central Region,Singapore River,1.28738,103.84773,335.00,180
17928273,23336011,Central Region,Singapore River,1.28701,103.84917,326.00,73
17949590,108417270,East Region,Bedok,1.31738,103.90893,38.00,47
17951810,9293170,West Region,Jurong West,1.34497,103.72204,57.00,12
18000521,23336011,Central Region,Outram,1.28309,103.84374,171.00,4
18109887,101940767,West Region,Clementi,1.32,103.76018,60.00,15
18151459,12083856,West Region,Jurong West,1.34443,103.71245,63.00,5
18166182,45661681,Central Region,Outram,1.27731,103.84322,380.00,4
18169687,68059127,East Region,Bedok,1.32551,103.91498,130.00,6
18184250,33096269,Central Region,Geylang,1.31314,103.88002,75.00,118
18199481,23336011,Central Region,Singapore River,1.28915,103.84825,296.00,40
18202395,23336011,Central Region,Outram,1.28242,103.84723,281.00,69
18235755,124238686,Central Region,Newton,1.30825,103.84003,82.00,134
18253219,92626981,Central Region,Downtown Core,1.27361,103.84421,125.00,3
18421322,97878860,Central Region,Kallang,1.30825,103.8616,56.00,1
18434466,46515276,Central Region,Kallang,1.31131,103.87237,45.00,68
18452100,97878860,Central Region,Kallang,1.30858,103.86098,47.00,2
18508828,128465640,North Region,Woodlands,1.44882,103.79933,71.00,39
18513959,97878860,Central Region,Kallang,1.30983,103.862,49.00,1
18674998,111065775,Central Region,River Valley,1.29765,103.83627,172.00,8
18675202,111065775,Central Region,Orchard,1.29892,103.83846,170.00,22
18858584,111065775,Central Region,Orchard,1.29907,103.83825,176.00,12
18899288,228867,West Region,Bukit Batok,1.35036,103.74938,67.00,6
18905203,33003286,West Region,Clementi,1.29558,103.76533,120.00,37
19107598,56421978,Central Region,Kallang,1.31633,103.85318,104.00,82
19218794,36416351,East Region,Bedok,1.30954,103.91471,113.00,31
19231371,24496358,East Region,Bedok,1.31669,103.91258,130.00,2
19595322,135298846,Central Region,Orchard,1.30291,103.83403,509.00,12
19595827,135298846,Central Region,Orchard,1.30435,103.83382,"1,192.00",29
19648215,69121685,Central Region,Downtown Core,1.28183,103.85391,228.00,6
19652882,69121685,Central Region,Downtown Core,1.28107,103.85205,214.00,2
19774490,8948251,Central Region,Kallang,1.30791,103.86305,57.00,2
19801431,8948251,Central Region,Kallang,1.3101,103.86166,47.00,1
19831199,90613922,Central Region,Rochor,1.30477,103.85073,164.00,91
19895150,69121685,Central Region,Downtown Core,1.28116,103.8536,438.00,4
20003123,97878860,Central Region,Geylang,1.31661,103.88305,47.00,1
20016031,69121685,Central Region,Outram,1.27719,103.84256,380.00,3
20084815,135298846,Central Region,Orchard,1.30442,103.8325,680.00,35
20096441,135298846,Central Region,Orchard,1.3022,103.83398,895.00,14
20395120,145421414,North-East Region,Punggol,1.39368,103.91515,97.00,3
20625726,2413412,Central Region,Geylang,1.31541,103.88217,47.00,1
20625773,97878860,Central Region,Geylang,1.31539,103.88213,47.00,1
20698050,33096269,Central Region,Geylang,1.31267,103.88816,58.00,122
20778113,11248671,Central Region,Marine Parade,1.30928,103.89457,65.00,1
20806898,124516401,Central Region,Orchard,1.30252,103.84143,312.00,7
20824274,97878860,Central Region,Outram,1.2848,103.84137,47.00,3
20877332,97878860,Central Region,Outram,1.28412,103.84245,52.00,1
21015410,8948251,Central Region,Kallang,1.30895,103.86149,57.00,1
21015873,148161755,Central Region,Rochor,1.29806,103.85257,402.00,11
21015874,148161755,Central Region,Rochor,1.29806,103.85257,402.00,14
21015876,148161755,Central Region,Rochor,1.29806,103.85257,433.00,26
21015880,148161755,Central Region,Rochor,1.29806,103.85257,402.00,31
21015881,148161755,Central Region,Rochor,1.29806,103.85257,402.00,10
21015977,148161755,Central Region,Rochor,1.29806,103.85257,402.00,16
21227203,142727817,Central Region,Bukit Timah,1.32446,103.80848,156.00,36
21283595,111065775,Central Region,River Valley,1.29867,103.83666,170.00,9
21402272,55973390,East Region,Bedok,1.33084,103.90841,155.00,3
21415749,151316863,Central Region,Rochor,1.30161,103.8596,45.00,239
21416331,151316863,Central Region,Rochor,1.3011,103.8604,45.00,57
21416445,151316863,Central Region,Downtown Core,1.30041,103.85857,277.00,16
21420790,155244964,Central Region,Singapore River,1.28684,103.8472,178.00,31
21428446,155244964,Central Region,Singapore River,1.28658,103.84741,379.00,174
21462227,151316863,Central Region,Downtown Core,1.30041,103.85857,"1,625.00",1
21605333,155244964,Central Region,Singapore River,1.28616,103.84908,446.00,122
21670282,135298846,Central Region,Orchard,1.30447,103.83378,"1,782.00",32
21703476,8948251,Central Region,Kallang,1.3101,103.86233,47.00,1
21722898,97878860,Central Region,Geylang,1.3147,103.88163,47.00,2
21755679,11390076,Central Region,Newton,1.30367,103.84023,119.00,5
21758153,32984080,Central Region,Bukit Merah,1.28547,103.82877,59.00,133
21772057,2413412,Central Region,Geylang,1.31424,103.88079,69.00,2
21793363,97878860,Central Region,Geylang,1.31563,103.88228,47.00,1
21854678,159031223,Central Region,Kallang,1.29951,103.88525,207.00,150
21854687,159031223,Central Region,Kallang,1.29951,103.88525,219.00,279
21854697,159031223,Central Region,Kallang,1.29951,103.88525,225.00,31
21913744,2413412,Central Region,Outram,1.28449,103.84294,76.00,1
21916263,2413412,Central Region,Kallang,1.30957,103.86113,47.00,3
21927257,8948251,Central Region,Geylang,1.31475,103.88165,47.00,1
21970302,8948251,Central Region,Outram,1.28471,103.84319,66.00,1
22019165,2413412,Central Region,Outram,1.28449,103.84294,79.00,1
22021287,124827904,West Region,Jurong East,1.33637,103.74143,90.00,10
22177543,18618387,Central Region,Queenstown,1.28019,103.7857,83.00,1
22193170,24778864,West Region,Jurong West,1.34589,103.71821,53.00,19
22214451,8948251,Central Region,Kallang,1.30936,103.86254,57.00,1
22230934,97878860,Central Region,Outram,1.28449,103.84294,76.00,1
22233862,9899270,Central Region,Bukit Timah,1.34228,103.7723,96.00,62
22267147,97878860,Central Region,Geylang,1.3147,103.88163,49.00,2
22345943,97878860,Central Region,Kallang,1.30736,103.86222,49.00,2
22395492,8948251,Central Region,Kallang,1.30979,103.86145,49.00,2
22561172,111065775,Central Region,River Valley,1.297,103.83774,200.00,6
22577896,15040015,West Region,Bukit Batok,1.34162,103.76086,200.00,9
22588306,1439258,Central Region,Queenstown,1.2789,103.78739,251.00,3
22590845,97878860,Central Region,Outram,1.28379,103.84375,57.00,2
22594189,111065775,Central Region,River Valley,1.29776,103.83869,170.00,12
22745179,167947458,Central Region,Downtown Core,1.27831,103.85082,222.00,145
22798533,135298846,Central Region,River Valley,1.30212,103.83204,"1,426.00",21
22890318,1439258,Central Region,Queenstown,1.28075,103.78767,245.00,7
22912035,124516401,Central Region,Orchard,1.30243,103.84007,356.00,8
22912163,124516401,Central Region,Newton,1.30236,103.84184,899.00,6
22971370,1439258,Central Region,Queenstown,1.27942,103.78552,386.00,2
22990388,124516401,Central Region,Orchard,1.30253,103.84111,648.00,9
22990457,124516401,Central Region,Orchard,1.3006,103.84177,582.00,11
23015765,18618387,Central Region,Queenstown,1.27957,103.78695,54.00,7
23045739,148161755,Central Region,Rochor,1.29806,103.85257,390.00,11
23048720,8948251,Central Region,Outram,1.28449,103.84294,66.00,1
23063409,148161755,Central Region,Rochor,1.29798,103.8528,492.00,3
23070167,696093,Central Region,Geylang,1.31399,103.88673,111.00,6
23094299,135298846,Central Region,Orchard,1.30282,103.83225,954.00,14
23097015,2413412,Central Region,Geylang,1.3147,103.88163,47.00,5
23112197,94903993,Central Region,Geylang,1.3152,103.89961,89.00,1
23279111,105546293,Central Region,Toa Payoh,1.33657,103.87116,143.00,12
23348921,97878860,Central Region,Outram,1.28539,103.84232,91.00,2
23360633,25185912,Central Region,Bukit Timah,1.31072,103.79624,86.00,2
23361035,25185912,Central Region,Bukit Timah,1.31078,103.79702,99.00,4
23362544,25185912,Central Region,Newton,1.30562,103.84048,114.00,10
23380199,111065775,Central Region,Orchard,1.29882,103.83807,145.00,3
23733935,1170341,Central Region,Tanglin,1.29443,103.83074,103.00,8
23861900,1439258,Central Region,Queenstown,1.29303,103.77312,243.00,4
23862116,25185912,Central Region,Newton,1.30379,103.83998,92.00,2
24125960,18618387,Central Region,Queenstown,1.28142,103.78721,42.00,22
24161078,1439258,Central Region,Queenstown,1.28028,103.78564,146.00,4
24170288,11390076,Central Region,Newton,1.30616,103.83891,75.00,3
24420175,25185912,Central Region,Newton,1.30606,103.84025,88.00,7
24447655,1439258,Central Region,Queenstown,1.28116,103.78732,243.00,4
24528929,184792657,Central Region,Geylang,1.31418,103.89883,99.00,76
24586538,33096269,Central Region,Geylang,1.31284,103.88781,67.00,88
24606096,1439258,Central Region,Queenstown,1.28043,103.78655,321.00,6
24618190,138649185,West Region,Clementi,1.31124,103.76152,540.00,2
24635669,2413412,Central Region,Outram,1.28347,103.84166,66.00,1
24636266,8948251,Central Region,Outram,1.28372,103.84139,66.00,2
24636530,97878860,Central Region,Outram,1.28486,103.84338,80.00,1
24682695,111065775,Central Region,River Valley,1.299,103.83634,170.00,3
24720145,33096269,Central Region,Geylang,1.31103,103.88694,66.00,69
24725185,25185912,Central Region,Newton,1.30371,103.84017,88.00,2
24741587,108773366,Central Region,Museum,1.29629,103.85205,145.00,6
24761439,108773366,Central Region,Rochor,1.29819,103.85129,145.00,22
24785613,2413412,Central Region,Kallang,1.3106,103.86266,47.00,1
24855606,1439258,Central Region,Queenstown,1.27939,103.78719,178.00,10
24919927,2413412,Central Region,Kallang,1.30907,103.86187,59.00,5
24972169,97878860,Central Region,Outram,1.2842,103.84255,66.00,1
25087117,2413412,Central Region,Kallang,1.31088,103.8604,57.00,2
25183317,68059127,East Region,Bedok,1.3189,103.91284,90.00,1
25183623,68059127,East Region,Bedok,1.31754,103.91241,120.00,6
25184205,68059127,East Region,Bedok,1.31878,103.9121,100.00,3
25324517,1439258,Central Region,Queenstown,1.27891,103.78764,376.00,3
25353206,8948251,Central Region,Outram,1.28417,103.84224,79.00,1
25424295,18618387,Central Region,Queenstown,1.28157,103.78746,60.00,5
25435388,48751387,East Region,Bedok,1.32167,103.90557,97.00,56
25711980,156409670,Central Region,Queenstown,1.29226,103.80781,290.00,1
25797887,97878860,Central Region,Outram,1.28495,103.84148,66.00,1
25860399,2413412,Central Region,Outram,1.2842,103.84255,76.00,1
25877353,156409670,Central Region,Queenstown,1.30341,103.78508,347.00,4
25909373,8948251,Central Region,Geylang,1.3147,103.88163,47.00,2
25926356,156409670,Central Region,Novena,1.31669,103.84278,261.00,1
25963531,2413412,Central Region,Outram,1.28341,103.84165,76.00,2
25985995,156409670,Central Region,Novena,1.31505,103.84257,310.00,2
26018504,9293170,West Region,Jurong West,1.34569,103.72265,118.00,2
26290123,2413412,Central Region,Geylang,1.31489,103.88158,47.00,1
26290281,8948251,Central Region,Geylang,1.3149,103.88163,47.00,2
26293068,8948251,Central Region,Kallang,1.31213,103.86169,47.00,2
26382243,2413412,Central Region,Outram,1.285,103.84214,66.00,1
26583889,1170341,Central Region,Tanglin,1.29307,103.82951,104.00,10
26722862,2413412,Central Region,Geylang,1.3147,103.88163,56.00,2
27125463,2413412,Central Region,Kallang,1.31128,103.86182,57.00,1
27173843,2413412,Central Region,Outram,1.28448,103.84361,47.00,1
27513236,206769167,East Region,Bedok,1.31736,103.908,80.00,6
27513625,206769167,East Region,Bedok,1.31674,103.90796,80.00,5
27581596,206769167,East Region,Bedok,1.31765,103.9064,80.00,2
27816487,156409670,Central Region,Queenstown,1.30185,103.7997,310.00,1
27858471,201775246,Central Region,Kallang,1.31068,103.86118,57.00,1
27882577,201775246,Central Region,Kallang,1.31083,103.86232,47.00,1
28000993,138649185,West Region,Jurong East,1.33707,103.74297,240.00,1
28264364,90613922,Central Region,Rochor,1.30331,103.8487,172.00,27
28522862,2413412,Central Region,Kallang,1.3091,103.86033,46.00,1
28536238,155244964,Central Region,Singapore River,1.2882,103.84751,408.00,27
28649449,1439258,Central Region,Queenstown,1.28116,103.78731,138.00,1
28700151,2413412,Central Region,Outram,1.2842,103.84255,76.00,1
28772425,2413412,Central Region,Outram,1.28335,103.84331,66.00,2
28998042,209260798,Central Region,Rochor,1.30181,103.85954,308.00,7
28998072,209260798,Central Region,Rochor,1.30065,103.85962,308.00,14
28998095,209260798,Central Region,Rochor,1.30217,103.8615,370.00,7
28998145,209260798,Central Region,Rochor,1.3017,103.86119,258.00,3
28998161,209260798,Central Region,Rochor,1.30197,103.86003,251.00,59
28998181,209260798,Central Region,Rochor,1.30183,103.86137,247.00,7
28998191,209260798,Central Region,Rochor,1.30142,103.85964,253.00,7
29015768,184792657,Central Region,Geylang,1.31534,103.89967,49.00,64
29076794,25375339,Central Region,Geylang,1.31095,103.87955,45.00,5
29302695,220733620,West Region,Jurong West,1.33721,103.691,81.00,42
29325647,97878860,Central Region,Geylang,1.31473,103.8816,47.00,1
29355663,8948251,Central Region,Geylang,1.3147,103.88163,47.00,2
29525240,138468223,Central Region,Outram,1.28412,103.84396,340.00,2
29525299,138468223,Central Region,Outram,1.28211,103.84364,50.00,7
29525951,138468223,Central Region,Outram,1.28309,103.84296,50.00,31
29526045,138468223,Central Region,Outram,1.28191,103.84372,335.00,34
29547507,800558,Central Region,Rochor,1.31185,103.85397,"2,797.00",2
29548114,800558,Central Region,Rochor,1.31193,103.85489,"1,059.00",1
29548473,800558,Central Region,Rochor,1.31182,103.85417,"2,646.00",2
29552115,23336011,Central Region,Outram,1.28324,103.84462,301.00,84
29552643,23336011,Central Region,Outram,1.28231,103.84472,349.00,120
29554536,222503871,Central Region,Kallang,1.30059,103.86077,"1,365.00",16
29579499,23336011,Central Region,Outram,1.28211,103.84669,388.00,233
29580481,23336011,Central Region,Outram,1.28297,103.84475,397.00,37
29581373,23336011,Central Region,Outram,1.2824,103.84478,445.00,75
29768671,97878860,Central Region,Kallang,1.30972,103.86098,57.00,1
29996505,8948251,Central Region,Geylang,1.31473,103.8816,38.00,1
30046453,97878860,Central Region,Outram,1.28502,103.84349,89.00,1
30058572,97878860,Central Region,Kallang,1.31139,103.86249,47.00,1
30234271,8948251,Central Region,Geylang,1.31473,103.8816,37.00,1
30410480,97878860,Central Region,Outram,1.2842,103.84255,61.00,1
30434753,201775246,Central Region,Kallang,1.31128,103.86064,57.00,1
30453430,201775246,Central Region,Outram,1.2842,103.84255,66.00,1
30494592,201775246,Central Region,Geylang,1.3147,103.88163,47.00,2
30543386,201775246,Central Region,Kallang,1.31025,103.86132,57.00,1
30570119,201775246,Central Region,Outram,1.28467,103.84173,76.00,1
30687199,20788085,Central Region,Marine Parade,1.30508,103.90527,170.00,110
30778537,201775246,Central Region,Geylang,1.31473,103.8816,47.00,1
30783602,2413412,Central Region,Kallang,1.30973,103.86212,47.00,2
30878734,201775246,Central Region,Geylang,1.3147,103.88163,47.00,2
30966211,2413412,Central Region,Kallang,1.30821,103.86284,57.00,2
31002918,209260798,Central Region,Rochor,1.30025,103.85951,322.00,4
31003554,159031223,Central Region,Kallang,1.29966,103.88497,188.00,165
31081282,2413412,Central Region,Kallang,1.31029,103.86283,52.00,1
31129905,8948251,Central Region,Outram,1.28302,103.84339,73.00,1
31155160,201775246,Central Region,Outram,1.28529,103.84147,47.00,1
31196834,22875236,East Region,Bedok,1.30864,103.92461,70.00,13
31201327,33096269,Central Region,Geylang,1.31207,103.88856,75.00,62
31218304,220733620,West Region,Jurong West,1.33748,103.68989,100.00,29
31219674,220733620,West Region,Jurong West,1.33721,103.6905,100.00,13
31424549,23336011,Central Region,Outram,1.28187,103.84498,351.00,7
31424940,23336011,Central Region,Outram,1.28354,103.84395,375.00,12
31573008,49380207,Central Region,Outram,1.28509,103.84155,98.00,25
31960343,218722083,Central Region,Outram,1.28132,103.84491,296.00,11
31960810,218722083,Central Region,Outram,1.28173,103.84612,267.00,7
31965730,10463855,West Region,Choa Chu Kang,1.40089,103.74543,92.00,13
32027361,201775246,Central Region,Outram,1.28512,103.843,90.00,1
32171204,201775246,Central Region,Outram,1.28469,103.84346,56.00,2
32296304,109741357,Central Region,Queenstown,1.27606,103.79068,150.00,8
32309635,101144565,Central Region,Queenstown,1.27867,103.78503,195.00,1
32394595,18618387,Central Region,Queenstown,1.2818,103.78558,66.00,4
32488562,2413412,Central Region,Bukit Merah,1.28443,103.83417,67.00,4
32526213,111065775,Central Region,Orchard,1.29917,103.83863,165.00,22
32576311,18618387,Central Region,Queenstown,1.28129,103.78759,195.00,1
32621960,148161755,Central Region,Downtown Core,1.29758,103.85351,765.00,2
32623479,148161755,Central Region,Rochor,1.29902,103.85153,758.00,12
32723994,201775246,Central Region,Bukit Merah,1.28443,103.83417,67.00,1
32729775,201775246,Central Region,Outram,1.2842,103.84255,66.00,1
32732351,2413412,Central Region,Bukit Merah,1.28443,103.83417,142.00,1
32748783,2413412,Central Region,Bukit Merah,1.28443,103.83417,57.00,2
32777995,2413412,Central Region,Kallang,1.31188,103.86005,47.00,1
32818879,201775246,Central Region,Bukit Merah,1.28426,103.83438,67.00,2
32821771,97878860,Central Region,Bukit Merah,1.28461,103.83402,67.00,2
32822945,2413412,Central Region,Bukit Merah,1.28443,103.83417,67.00,1
32832467,8948251,Central Region,Bukit Merah,1.28429,103.83433,142.00,1
32846195,2413412,Central Region,Bukit Merah,1.28443,103.83417,142.00,6
32874731,8948251,Central Region,Bukit Merah,1.28434,103.83395,67.00,1
32906878,156409670,Central Region,Newton,1.30449,103.83831,"1,138.00",4
32949544,97878860,Central Region,Bukit Merah,1.28412,103.83408,54.00,1
33050985,239242652,Central Region,Bukit Merah,1.28289,103.83225,194.00,6
33076582,8948251,Central Region,Bukit Merah,1.28404,103.83408,67.00,2
33085362,201775246,Central Region,Kallang,1.3104,103.86166,57.00,1
33098686,201775246,Central Region,Bukit Merah,1.28405,103.83417,57.00,4
33216747,2413412,Central Region,Bukit Merah,1.28436,103.83392,57.00,2
33330793,97878860,Central Region,Outram,1.28379,103.84159,47.00,1
33457052,220368734,East Region,Pasir Ris,1.37239,103.94421,40.00,1
33460906,252091822,West Region,Jurong West,1.33638,103.69361,60.00,8
33622349,138649185,Central Region,Bukit Merah,1.28983,103.8323,320.00,3
33634552,42295661,Central Region,Rochor,1.31138,103.85273,147.00,68
33669171,42295661,Central Region,Rochor,1.30954,103.85358,119.00,70
33722089,8948251,Central Region,Outram,1.2841,103.84253,67.00,2
33734018,68059127,East Region,Bedok,1.32477,103.91454,160.00,4
33748928,56421978,Central Region,Kallang,1.31806,103.85307,58.00,27
33885738,2413412,Central Region,Outram,1.2841,103.84253,56.00,1
33982757,256587033,Central Region,Outram,1.28196,103.8429,489.00,64
33999107,2413412,Central Region,Bukit Merah,1.28559,103.8332,57.00,5
34052336,238891646,Central Region,Queenstown,1.29191,103.80647,474.00,2
34071208,256587033,Central Region,Outram,1.2836,103.84368,392.00,72
34071596,256587033,Central Region,Outram,1.28229,103.84516,476.00,51
34071837,256587033,Central Region,Outram,1.28152,103.84492,346.00,66
34072244,256587033,Central Region,Outram,1.28155,103.84517,289.00,52
34073545,256587033,Central Region,Outram,1.28239,103.84502,650.00,20
34076777,8948251,Central Region,Kallang,1.31068,103.86118,57.00,2
34082010,201775246,Central Region,Geylang,1.3147,103.88163,47.00,2
34186257,49380207,Central Region,Outram,1.2834,103.84367,79.00,14
34346401,8948251,Central Region,Geylang,1.3147,103.88163,56.00,1
34454047,49380207,Central Region,Outram,1.28534,103.84224,88.00,12
34489654,24038248,North-East Region,Serangoon,1.38296,103.86942,40.00,19
34526007,42295661,Central Region,Rochor,1.3111,103.85401,123.00,46
34569244,44250196,Central Region,Downtown Core,1.29229,103.85011,130.00,2
34569884,44250196,Central Region,Museum,1.29429,103.84873,241.00,8
34579286,42295661,Central Region,Rochor,1.31072,103.85421,101.00,46
34627895,2413412,Central Region,Outram,1.2829,103.84286,54.00,1
34654117,8948251,Central Region,Kallang,1.3101,103.8621,47.00,1
34819352,73166292,Central Region,Geylang,1.31588,103.90364,192.00,28
34909012,8948251,Central Region,Geylang,1.3147,103.88163,47.00,1
34950613,10823332,North-East Region,Hougang,1.35915,103.87839,63.00,1
34964444,201775246,Central Region,Geylang,1.3147,103.88163,47.00,1
35026116,2413412,Central Region,Outram,1.2841,103.84253,56.00,1
35102472,42295661,Central Region,Rochor,1.30909,103.85459,124.00,52
35181133,201775246,Central Region,Kallang,1.31017,103.86266,47.00,1
35185755,238891646,Central Region,Queenstown,1.29702,103.80439,360.00,1
35185822,238891646,Central Region,Queenstown,1.30482,103.78462,350.00,2
35359778,3437228,Central Region,Singapore River,1.28949,103.84799,246.00,14
35363901,238891646,West Region,Clementi,1.31197,103.76126,405.00,1
35483332,238891646,Central Region,Bukit Merah,1.29104,103.82984,360.00,3
35483354,238891646,Central Region,Singapore River,1.28833,103.83704,470.00,3
35723337,9985120,West Region,Clementi,1.29858,103.76422,111.00,6
36008984,156409670,Central Region,River Valley,1.30268,103.83166,840.00,1
36009935,238891646,North Region,Central Water Catchment,1.35286,103.8205,230.00,2
36013750,156409670,Central Region,Orchard,1.3022,103.83329,935.00,1
36122224,156409670,Central Region,Museum,1.29922,103.84289,600.00,1
36129690,3437228,Central Region,Downtown Core,1.29057,103.84984,104.00,3
36156663,138649185,Central Region,River Valley,1.29912,103.84106,878.00,1
36216542,184792657,Central Region,Geylang,1.31623,103.9,73.00,33
36226718,272468399,West Region,Jurong West,1.34546,103.72175,79.00,6
36252767,156409670,Central Region,Newton,1.31034,103.83846,723.00,1
36264042,33096269,Central Region,Geylang,1.31291,103.88671,69.00,38
36285346,156409670,Central Region,Singapore River,1.29182,103.84055,410.00,1
36354920,25185912,Central Region,Bukit Timah,1.31292,103.79761,75.00,2
36530311,8948251,Central Region,Kallang,1.31117,103.86214,47.00,1
36570785,137302887,North-East Region,Sengkang,1.39158,103.89581,126.00,10
36581961,158158038,Central Region,Downtown Core,1.27452,103.84523,108.00,15
36618900,264230720,Central Region,Singapore River,1.28691,103.84823,225.00,6
36808814,56421978,Central Region,Kallang,1.31878,103.85252,120.00,17
36852543,156409670,North Region,Central Water Catchment,1.3529,103.81887,355.00,1
36989732,6157422,North-East Region,Hougang,1.36866,103.89943,65.00,4
37219959,2413412,Central Region,Bukit Merah,1.28456,103.83405,57.00,1
37219965,8948251,Central Region,Bukit Merah,1.28456,103.83405,57.00,1
37219971,97878860,Central Region,Bukit Merah,1.28456,103.83405,57.00,2
37334803,238891646,West Region,Clementi,1.31259,103.75838,528.00,2
37587133,238891646,West Region,Clementi,1.31354,103.75811,490.00,1
37605217,2413412,Central Region,Kallang,1.31117,103.86214,47.00,1
37905248,2413412,Central Region,Kallang,1.31101,103.86232,47.00,1
37947662,243474450,East Region,Pasir Ris,1.36321,103.96706,70.00,1
37981411,108773366,Central Region,Rochor,1.30619,103.85316,141.00,1
37999599,287240181,Central Region,Bukit Merah,1.27379,103.8406,258.00,220
38005247,8948251,Central Region,Geylang,1.3147,103.88163,47.00,1
38026889,148161755,Central Region,Rochor,1.29906,103.85187,452.00,27
38035489,8948251,Central Region,Kallang,1.31068,103.86118,56.00,1
38134989,287240181,Central Region,Bukit Merah,1.27379,103.8406,245.00,335
38136195,148161755,Central Region,Downtown Core,1.29722,103.85346,452.00,5
38388737,292133113,Central Region,Rochor,1.3052,103.85982,269.00,29
38399837,275261096,East Region,Pasir Ris,1.37175,103.94875,43.00,4
38530815,2413412,Central Region,Outram,1.28513,103.84156,67.00,1
38639800,2413412,Central Region,Outram,1.28352,103.8432,75.00,1
38910295,201775246,Central Region,Kallang,1.31068,103.86118,47.00,1
38914093,292133113,Central Region,Rochor,1.3045,103.85812,330.00,34
38916143,292133113,Central Region,Rochor,1.30342,103.85841,366.00,161
38935611,8948251,Central Region,Kallang,1.3119,103.86136,47.00,3
38939902,292133113,Central Region,Rochor,1.30488,103.85845,356.00,66
38951604,20715591,Central Region,Downtown Core,1.29149,103.84976,259.00,3
38965851,20715591,Central Region,Downtown Core,1.28956,103.85074,110.00,6
38986386,292133113,Central Region,Rochor,1.30329,103.85847,705.00,10
38986709,292133113,Central Region,Rochor,1.30442,103.85835,348.00,25
38987390,292133113,Central Region,Rochor,1.30303,103.85958,415.00,15
39014250,292133113,Central Region,Rochor,1.30456,103.85851,549.00,23
39014610,292133113,Central Region,Rochor,1.30457,103.86025,547.00,33
39115031,201775246,Central Region,Kallang,1.31158,103.8609,47.00,1
39119402,222503871,Central Region,Kallang,1.29986,103.86123,"1,485.00",2
39158146,129356836,West Region,Jurong East,1.33358,103.73832,66.00,4
39293936,263039672,Central Region,Bishan,1.35789,103.82738,99.00,8
39338786,287240181,Central Region,Bukit Merah,1.27478,103.8409,317.00,58
39380253,2413412,Central Region,Kallang,1.30959,103.86141,47.00,1
39401038,138649185,Central Region,Singapore River,1.29027,103.84169,"1,110.00",1
39451138,41383223,Central Region,Bukit Timah,1.31456,103.80414,129.00,4
39451764,2413412,Central Region,Kallang,1.30953,103.86042,47.00,1
39488084,8948251,Central Region,Kallang,1.30973,103.86054,57.00,2
39589304,292133113,Central Region,Rochor,1.30507,103.85975,539.00,88
39612598,8948251,Central Region,Geylang,1.3147,103.88163,45.00,1
39638066,2413412,Central Region,Kallang,1.30968,103.86086,47.00,4
39654440,7576445,Central Region,Newton,1.30791,103.83933,384.00,14
39657837,1563123,Central Region,Downtown Core,1.27316,103.84638,189.00,3
39679521,65982503,North Region,Yishun,1.41568,103.84505,66.00,2
39689162,13468566,Central Region,Bukit Merah,1.2758,103.84006,243.00,8
39822559,8948251,Central Region,Kallang,1.30965,103.86186,47.00,1
39824181,109545738,Central Region,Queenstown,1.29351,103.76325,282.00,4
40072058,1280862,Central Region,Queenstown,1.3051,103.80024,151.00,9
40198092,3989090,West Region,Clementi,1.3223,103.75713,111.00,16
40211954,8948251,Central Region,Kallang,1.31131,103.86041,47.00,1
40213569,310302453,Central Region,Downtown Core,1.27634,103.84507,118.00,4
40315763,201775246,Central Region,Kallang,1.31212,103.86349,56.00,1
40361907,33096269,Central Region,Geylang,1.31237,103.88693,66.00,9
40456301,313008662,Central Region,Geylang,1.31648,103.88486,504.00,29
40641448,101145755,Central Region,Bukit Merah,1.27454,103.83258,175.00,6
40642051,97878860,Central Region,Bukit Merah,1.28387,103.835,67.00,1
40642810,101145755,Central Region,Bukit Merah,1.27292,103.83383,192.00,3
40663631,216142283,West Region,Bukit Panjang,1.38918,103.77194,40.00,3
40681844,101145755,Central Region,Bukit Merah,1.27475,103.83404,216.00,3
40690201,13468566,Central Region,Bukit Merah,1.27454,103.84002,178.00,12
40708485,101145755,Central Region,Bukit Merah,1.27233,103.83318,160.00,10
40736423,148161755,Central Region,Rochor,1.29919,103.8537,402.00,5
40736566,148161755,Central Region,Downtown Core,1.2974,103.85334,402.00,2
40765359,101145755,Central Region,Bukit Merah,1.27286,103.83418,160.00,5
40769351,2413412,Central Region,Bukit Merah,1.28338,103.8352,57.00,3
40809878,101145755,Central Region,Bukit Merah,1.27497,103.83395,177.00,2
40833390,290685432,West Region,Jurong West,1.3523,103.69923,50.00,3
40875632,148161755,Central Region,Rochor,1.29754,103.85168,492.00,4
40904017,101145755,Central Region,Bukit Merah,1.27484,103.83239,99.00,20
40933623,18618387,Central Region,Queenstown,1.28174,103.78598,321.00,3
40966161,18618387,Central Region,Queenstown,1.27967,103.7876,66.00,3
40974363,1439258,Central Region,Queenstown,1.28125,103.78541,376.00,3
40974569,1439258,Central Region,Queenstown,1.28114,103.78561,321.00,2
40975409,1439258,Central Region,Queenstown,1.28187,103.78712,232.00,3
40975603,1439258,Central Region,Queenstown,1.28127,103.78577,386.00,16
40975736,1439258,Central Region,Queenstown,1.2796,103.78536,315.00,8
41014661,101145755,Central Region,Bukit Merah,1.27489,103.83283,180.00,18
41014693,101145755,Central Region,Bukit Merah,1.27489,103.83246,177.00,2
41032819,148161755,Central Region,Rochor,1.29684,103.85194,465.00,30
41033189,148161755,Central Region,Rochor,1.29918,103.85212,408.00,12
41070234,148161755,Central Region,Rochor,1.29692,103.85195,416.00,9
41089548,138649185,West Region,Clementi,1.30442,103.76693,390.00,1
41090834,1439258,Central Region,Queenstown,1.28165,103.78733,212.00,2
41090879,1439258,Central Region,Queenstown,1.28156,103.78553,131.00,4
41091240,1439258,Central Region,Queenstown,1.28153,103.78572,226.00,6
41091895,1439258,Central Region,Queenstown,1.28152,103.78567,167.00,3
41116342,1439258,Central Region,Queenstown,1.27987,103.78742,386.00,21
41158163,135298846,Central Region,River Valley,1.30178,103.83315,544.00,3
41299496,2413412,Central Region,Kallang,1.3116,103.86012,47.00,1
41323209,2413412,Central Region,Kallang,1.31006,103.86192,47.00,3
41388877,97878860,Central Region,Bukit Merah,1.28378,103.83318,67.00,1
41439350,151316863,Central Region,Rochor,1.3011,103.86049,45.00,8
41439736,326090835,Central Region,Queenstown,1.29194,103.76775,356.00,11
41460941,326090835,Central Region,Queenstown,1.29196,103.7697,356.00,8
41476885,326090835,Central Region,Queenstown,1.29133,103.76769,349.00,2
41481981,109741357,Central Region,Queenstown,1.28401,103.785,245.00,145
41482560,109741357,Central Region,Queenstown,1.2837,103.78496,229.00,140
41566195,2413412,Central Region,Kallang,1.3119,103.86177,47.00,1
41568582,138649185,Central Region,Rochor,1.30599,103.85248,641.00,1
41611248,96718721,Central Region,River Valley,1.2984,103.83397,294.00,1
41753013,148161755,Central Region,Rochor,1.29701,103.85215,416.00,1
41889066,1439258,Central Region,Queenstown,1.28064,103.78581,251.00,1
42079535,333673909,Central Region,Downtown Core,1.29795,103.85562,559.00,268
42081657,333673909,Central Region,Downtown Core,1.29656,103.85775,690.00,505
42144452,8948251,Central Region,Kallang,1.30963,103.86018,56.00,1
42190445,201775246,Central Region,Kallang,1.31161,103.86259,57.00,1
42301881,156409670,West Region,Clementi,1.31095,103.76157,381.00,1
42337015,225641992,Central Region,Orchard,1.30046,103.83681,450.00,5
42337552,225641992,Central Region,Orchard,1.3001,103.83868,450.00,1
42337799,225641992,Central Region,Orchard,1.3004,103.83701,617.00,7
42417293,238195069,Central Region,Downtown Core,1.29838,103.85742,86.00,259
42545364,2351356,North Region,Yishun,1.42035,103.84671,66.00,6
42545850,2351356,North Region,Yishun,1.41863,103.84743,65.00,9
42555321,329787478,Central Region,Rochor,1.30118,103.85026,"13,000.00",2
42555446,329787478,Central Region,Rochor,1.30179,103.85071,"13,000.00",1
42555592,329787478,Central Region,Rochor,1.30295,103.84868,"13,000.00",7
42588720,32232191,Central Region,Tanglin,1.29287,103.83035,99.00,11
42696868,194085596,West Region,Jurong West,1.34552,103.70525,63.00,27
42697304,194085596,West Region,Jurong West,1.34535,103.70508,63.00,5
42750393,194085596,West Region,Jurong West,1.34406,103.70405,72.00,1
42752743,2413412,Central Region,Kallang,1.30968,103.8616,66.00,1
42753075,201775246,Central Region,Kallang,1.31121,103.86082,54.00,1
42796548,101145755,Central Region,Bukit Merah,1.27525,103.8324,171.00,9
42872451,201775246,Central Region,Geylang,1.31583,103.88123,47.00,1
42885763,337654877,Central Region,Rochor,1.3058,103.85581,150.00,59
42885911,337654877,Central Region,Rochor,1.30607,103.85583,138.00,130
42913012,11463785,North-East Region,Ang Mo Kio,1.37075,103.82925,42.00,1
43089999,252274843,North-East Region,Sengkang,1.3958,103.87773,42.00,4
43108706,97878860,Central Region,Geylang,1.31447,103.88277,47.00,1
43112898,2413412,Central Region,Kallang,1.31033,103.86028,47.00,1
43183219,156409670,West Region,Jurong East,1.33476,103.74183,270.00,1
43313813,155244964,Central Region,Singapore River,1.28753,103.84724,375.00,17
43354292,68059127,East Region,Bedok,1.3221,103.91389,140.00,3
43354914,68059127,East Region,Bedok,1.32382,103.91331,140.00,3
43355016,68059127,East Region,Bedok,1.3243,103.91535,160.00,1
43358921,68059127,East Region,Bedok,1.32252,103.91511,160.00,2
43359021,24496358,East Region,Bedok,1.32285,103.9135,160.00,1
43359087,24496358,East Region,Bedok,1.32339,103.91321,160.00,1
43359359,24496358,East Region,Bedok,1.32361,103.91527,140.00,2
43359426,24496358,East Region,Bedok,1.32412,103.91374,140.00,2
43492196,68059127,East Region,Bedok,1.32428,103.91346,120.00,8
43493044,24496358,East Region,Bedok,1.32366,103.91548,140.00,2
43542472,194085596,West Region,Jurong West,1.3418,103.71502,63.00,14
43649078,348548532,Central Region,Outram,1.27904,103.84514,188.00,96
43922476,15257023,Central Region,Outram,1.27943,103.84106,220.00,2
44283744,55844797,Central Region,Rochor,1.30214,103.85255,129.00,8
44626865,55844797,Central Region,Rochor,1.30263,103.85084,129.00,1
45005221,8948251,Central Region,Outram,1.28469,103.84149,47.00,1
45131086,55844797,Central Region,Rochor,1.30096,103.85055,126.00,3
45440615,73457822,Central Region,Toa Payoh,1.33896,103.84203,59.00,6
45474953,238891646,Central Region,Novena,1.31681,103.84136,257.00,1
45680876,201775246,Central Region,Outram,1.28516,103.84196,73.00,1
45778518,138649185,Central Region,River Valley,1.296,103.83673,328.00,1
45779393,138649185,Central Region,River Valley,1.29651,103.83883,359.00,2
45871999,135298846,Central Region,River Valley,1.30172,103.83166,"1,336.00",1
45902566,372124974,Central Region,Orchard,1.3006,103.84089,584.00,2
45961316,372124974,Central Region,Orchard,1.30056,103.84139,"1,084.00",4
45961358,372124974,Central Region,Orchard,1.3003,103.84143,813.00,1
45962749,372124974,Central Region,Orchard,1.30065,103.84175,"1,442.00",2
45962895,372124974,Central Region,River Valley,1.29845,103.84129,"1,154.00",7
45963685,31975096,Central Region,River Valley,1.29557,103.83844,128.00,5
46057282,373313984,North-East Region,Hougang,1.37691,103.8791,659.00,8
46057773,373313984,North-East Region,Hougang,1.37655,103.88002,528.00,10
46057791,373313984,North-East Region,Hougang,1.37499,103.87899,495.00,2
46073890,373313984,North-East Region,Hougang,1.37525,103.88057,954.00,13
46075495,373313984,North-East Region,Hougang,1.37689,103.87992,763.00,1
46096669,9748143,Central Region,Toa Payoh,1.3427,103.86753,240.00,8
46108799,373313984,North-East Region,Hougang,1.37475,103.88005,715.00,1
46321781,138649185,Central Region,Marine Parade,1.30059,103.88561,270.00,1
46473348,36256278,Central Region,River Valley,1.29247,103.84089,982.00,2
46474181,36256278,Central Region,Singapore River,1.29244,103.84253,786.00,6
46475439,36256278,Central Region,Singapore River,1.29046,103.84247,737.00,3
46475535,36256278,Central Region,River Valley,1.29191,103.84025,"1,344.00",7
46475821,36256278,Central Region,River Valley,1.29197,103.84052,"1,075.00",4
46475943,36256278,Central Region,River Valley,1.29225,103.84032,"1,007.00",4
46476119,36256278,Central Region,Singapore River,1.2904,103.84162,493.00,1
46491972,33096269,Central Region,Tanglin,1.29404,103.82651,130.00,7
46605955,376700307,West Region,Clementi,1.29996,103.76571,536.00,2
46669109,238891646,North Region,Central Water Catchment,1.351,103.81921,350.00,1
46686166,138649185,Central Region,Novena,1.32389,103.8475,425.00,10
46686341,156409670,Central Region,Novena,1.32417,103.84534,479.00,5
46698429,138649185,West Region,Clementi,1.30919,103.76177,339.00,2
46698961,138649185,West Region,Jurong East,1.3349,103.74079,340.00,1
47295571,337425554,Central Region,Kallang,1.3145,103.84687,454.00,1
47460138,201775246,Central Region,Kallang,1.31193,103.86304,47.00,1
47477733,2413412,Central Region,Bukit Merah,1.28367,103.83527,57.00,1
47555385,44321809,Central Region,Bukit Merah,1.26611,103.8096,381.00,3
47912630,386195881,Central Region,Downtown Core,1.29823,103.85561,171.00,157
47912877,386195881,Central Region,Downtown Core,1.29674,103.85733,188.00,80
47945468,299971996,Central Region,Outram,1.2795,103.84329,321.00,1298
47945703,299971996,Central Region,Outram,1.27752,103.84409,334.00,113
47945986,299971996,Central Region,Outram,1.27933,103.8434,667.00,35
48019222,223971227,Central Region,Outram,1.2813,103.84443,334.00,759
48019325,223971227,Central Region,Outram,1.28267,103.84564,378.00,77
48019417,223971227,Central Region,Outram,1.28283,103.84501,464.00,117
48019515,223971227,Central Region,Outram,1.2808,103.84586,440.00,65
48033280,328013026,Central Region,Rochor,1.30658,103.85367,271.00,323
48033351,328013026,Central Region,Rochor,1.3062,103.85596,257.00,961
48033436,328013026,Central Region,Rochor,1.30469,103.85578,361.00,138
48098802,8978331,Central Region,Downtown Core,1.28172,103.85342,101.00,2
48127824,138649185,West Region,Clementi,1.30038,103.76371,691.00,1
48153394,138649185,Central Region,Marine Parade,1.30082,103.88613,250.00,1
48176330,138649185,Central Region,Kallang,1.30053,103.88421,222.00,4
48265114,55844797,Central Region,Rochor,1.30117,103.85055,107.00,5
48313505,23874147,North Region,Woodlands,1.43064,103.77327,55.00,8
48531971,138649185,West Region,Jurong East,1.33669,103.74073,310.00,2
48613065,256587033,Central Region,Outram,1.28303,103.84497,935.00,25
48743492,256587033,Central Region,Outram,1.28207,103.84271,577.00,3
49048346,299971996,Central Region,Outram,1.27919,103.84514,639.00,200
49048569,299971996,Central Region,Downtown Core,1.27773,103.84547,319.00,102
49535860,55844797,Central Region,Rochor,1.30266,103.85041,129.00,1
49863259,23336011,Central Region,Downtown Core,1.29553,103.85412,374.00,198
49936029,256587033,Central Region,Outram,1.28405,103.84357,545.00,2
49951302,209260798,Central Region,Rochor,1.30147,103.86155,247.00,23
50278378,156409670,Central Region,Kallang,1.3005,103.88423,160.00,2
50333798,56421978,Central Region,Kallang,1.31798,103.85175,58.00,4
50476069,1439258,Central Region,Queenstown,1.27971,103.78613,178.00,2
50562391,8978331,Central Region,Downtown Core,1.28142,103.85374,114.00,1
50707898,148161755,Central Region,Rochor,1.29889,103.85178,396.00,1
50708702,148161755,Central Region,Downtown Core,1.29769,103.8536,393.00,5
50737006,148161755,Central Region,Rochor,1.29726,103.85199,358.00,18
50822490,148161755,Central Region,Downtown Core,1.29714,103.8535,426.00,3
50822918,148161755,Central Region,Rochor,1.29706,103.85196,425.00,13
50823476,148161755,Central Region,Rochor,1.29888,103.85315,473.00,1
50844665,32232191,Central Region,Tanglin,1.29312,103.83051,126.00,2
51075717,223971227,Central Region,Outram,1.28256,103.84584,304.00,196
51076382,328013026,Central Region,Rochor,1.30663,103.85602,375.00,275
51131949,299971996,Central Region,Downtown Core,1.27793,103.84522,314.00,67
51223656,8978331,Central Region,Downtown Core,1.28101,103.85378,80.00,1
51660574,23336011,Central Region,Singapore River,1.28754,103.84815,413.00,18
51660773,23336011,Central Region,Singapore River,1.28746,103.84853,304.00,170
51661055,23336011,Central Region,Singapore River,1.28896,103.84837,312.00,63
51661224,23336011,Central Region,Singapore River,1.28756,103.84849,249.00,189
51759139,138649185,Central Region,Downtown Core,1.27751,103.8474,612.00,3
51858493,118496059,Central Region,Singapore River,1.29102,103.83662,137.00,5
51898390,138649185,Central Region,Queenstown,1.29978,103.79959,310.00,2
51931255,23336011,Central Region,Downtown Core,1.28899,103.85032,431.00,70
51931450,23336011,Central Region,Singapore River,1.28855,103.84809,385.00,28
51931632,23336011,Central Region,Singapore River,1.28771,103.8481,368.00,19
51946794,23336011,Central Region,Singapore River,1.28722,103.84826,386.00,20
51946940,23336011,Central Region,Singapore River,1.2872,103.84843,320.00,31
51947045,23336011,Central Region,Singapore River,1.28777,103.84809,258.00,43
52062009,23336011,Central Region,Singapore River,1.28905,103.84844,846.00,24
52062197,23336011,Central Region,Singapore River,1.28717,103.84836,768.00,26
52157275,238891646,West Region,Clementi,1.30785,103.76787,519.00,2
52357276,23336011,Central Region,Downtown Core,1.30055,103.85866,223.00,165
52357563,23336011,Central Region,Rochor,1.30219,103.86009,311.00,23
52357696,23336011,Central Region,Rochor,1.30158,103.86,232.00,36
52357956,23336011,Central Region,Rochor,1.30223,103.85852,349.00,30
52359332,138649185,Central Region,River Valley,1.29308,103.84129,314.00,14
52360450,156409670,Central Region,River Valley,1.29277,103.83911,270.00,3
52575543,23336011,Central Region,Rochor,1.30086,103.8602,213.00,30
52575637,23336011,Central Region,Rochor,1.30185,103.85823,227.00,69
52681365,138649185,Central Region,Museum,1.29873,103.8494,"1,050.00",2
52910692,156409670,Central Region,Novena,1.32606,103.84689,255.00,1
52911736,138649185,Central Region,Singapore River,1.29131,103.842,463.00,5
52977792,138649185,Central Region,River Valley,1.29334,103.8396,235.00,4
53014553,391575732,North-East Region,Sengkang,1.38917,103.89659,110.00,1
53038612,138649185,Central Region,Rochor,1.29829,103.85164,"1,140.00",1
53070791,138649185,Central Region,River Valley,1.29915,103.83961,800.00,1
53073961,24496358,Central Region,Novena,1.31763,103.84865,292.00,8
53119442,50965838,Central Region,Novena,1.31853,103.84751,258.00,5
53122920,68059127,Central Region,Novena,1.31853,103.84751,333.00,2
53123488,68059127,Central Region,Novena,1.3178,103.8483,272.00,1
53166174,68059127,Central Region,Novena,1.31921,103.84676,265.00,12
53174768,24496358,Central Region,Novena,1.31853,103.84751,269.00,35
53175628,68059127,Central Region,Novena,1.31781,103.84852,292.00,1
53175850,68059127,Central Region,Novena,1.31761,103.84837,304.00,6
53193333,50965838,Central Region,Novena,1.31853,103.84751,344.00,1
53196067,50965838,Central Region,Novena,1.31853,103.84751,292.00,11
53196481,50965838,Central Region,Novena,1.3196,103.84804,265.00,4
53222711,24496358,Central Region,Novena,1.31758,103.84717,292.00,20
53260515,24496358,Central Region,Novena,1.31954,103.84712,286.00,20
53260824,24496358,Central Region,Novena,1.31853,103.84751,310.00,4
53270162,50965838,Central Region,Novena,1.31853,103.84751,190.00,4
53281701,50965838,Central Region,Novena,1.31853,103.84751,272.00,20
53301824,50965838,Central Region,Novena,1.31853,103.84751,292.00,7
53355259,24496358,Central Region,Novena,1.31853,103.84751,289.00,14
53355991,68059127,Central Region,Novena,1.31853,103.84751,282.00,8
53374606,50965838,Central Region,Novena,1.31853,103.84751,338.00,3
53388036,68059127,Central Region,Novena,1.31853,103.84751,292.00,26
53406678,138649185,Central Region,Singapore River,1.29126,103.84117,430.00,5
53465105,68059127,Central Region,Novena,1.31853,103.84751,266.00,25
53465265,68059127,Central Region,Novena,1.31853,103.84751,333.00,3
53465478,24496358,Central Region,Novena,1.31853,103.84751,290.00,22
53483449,37964493,North Region,Yishun,1.412,103.83421,70.00,1
53618034,24496358,Central Region,Novena,1.31852,103.84751,282.00,8
53622188,24496358,Central Region,Novena,1.31852,103.84751,322.00,3
53632741,68059127,Central Region,Novena,1.31852,103.84751,282.00,2
53633752,68059127,Central Region,Novena,1.31852,103.84751,276.00,2
53697444,50965838,Central Region,Novena,1.31829,103.84646,208.00,7
53819000,138649185,Central Region,Singapore River,1.29109,103.84228,463.00,20
53853183,138649185,Central Region,River Valley,1.29167,103.83946,420.00,1
53855956,138649185,Central Region,Orchard,1.30044,103.84009,450.00,2
53905653,434862321,Central Region,Bukit Merah,1.28509,103.83333,632.00,19
54188078,138649185,Central Region,Singapore River,1.29177,103.84362,839.00,6
54204802,68059127,Central Region,Novena,1.31852,103.84751,352.00,21
54205551,24496358,Central Region,Novena,1.31852,103.84751,352.00,3
54205610,50965838,Central Region,Novena,1.31815,103.84841,292.00,4
54237144,50965838,Central Region,Novena,1.3183,103.84652,280.00,32
502480461,238891646,Central Region,Bukit Merah,1.29102,103.82852,519.00,1
548205562,328013026,Central Region,Rochor,1.30662,103.85441,449.00,139
562605971,148161755,Central Region,Rochor,1.29846,103.85375,715.00,12
567225306,24496358,Central Region,Novena,1.31852,103.84751,269.00,26
567910789,24496358,Central Region,Novena,1.31896,103.84668,265.00,11
569225009,446608982,East Region,Pasir Ris,1.35641,103.96411,78.00,6
571344298,109741357,Central Region,Queenstown,1.29862,103.7877,281.00,70
571352760,109741357,Central Region,Queenstown,1.29905,103.78739,302.00,124
597236119,461577696,Central Region,Queenstown,1.27128,103.79836,148.00,4
598767056,461577696,Central Region,Queenstown,1.27126,103.79836,168.00,22
598911290,461577696,Central Region,Queenstown,1.27016,103.79775,148.00,3
599562996,238891646,West Region,Clementi,1.3082,103.76833,470.00,1
599610659,461577696,Central Region,Queenstown,1.27014,103.79798,192.00,1
599626408,461577696,Central Region,Queenstown,1.26995,103.79804,318.00,12
602404867,461577696,Central Region,Queenstown,1.27016,103.79832,147.00,7
604716361,138649185,Central Region,Downtown Core,1.2849,103.84892,392.00,1
605534351,138649185,Central Region,Singapore River,1.29253,103.84161,729.00,11
606329696,328013026,Central Region,Rochor,1.30427,103.85505,347.00,312
610566475,138649185,Central Region,Rochor,1.30401,103.85234,334.00,1
611242881,138649185,Central Region,Museum,1.29332,103.84366,537.00,17
613551678,138649185,Central Region,Orchard,1.30248,103.83982,640.00,7
616269766,138649185,Central Region,Singapore River,1.29337,103.84248,469.00,3
617247173,61619807,Central Region,River Valley,1.29464,103.84009,284.00,54
620777463,138649185,Central Region,Bukit Merah,1.28896,103.83108,799.00,1
620788126,156409670,Central Region,Bukit Merah,1.29049,103.83248,459.00,1
622961762,156409670,Central Region,Singapore River,1.29318,103.84179,541.00,12
623042143,68059127,Central Region,Novena,1.31852,103.84751,292.00,35
623562080,138649185,Central Region,Novena,1.32429,103.84535,588.00,1
623646658,156409670,Central Region,Novena,1.32615,103.84621,750.00,1
623665139,138649185,Central Region,Bukit Merah,1.2907,103.83218,370.00,1
623676922,156409670,Central Region,Bukit Merah,1.29057,103.83237,315.00,3
625829847,156409670,Central Region,Singapore River,1.29267,103.84125,620.00,4
627993362,138649185,Central Region,Rochor,1.29995,103.84956,357.00,1
629189587,461577696,Central Region,Queenstown,1.27004,103.79657,168.00,15
634496066,142727817,West Region,Bukit Batok,1.36214,103.76512,119.00,4
634534978,156409670,Central Region,River Valley,1.29337,103.83989,550.00,11
634569447,138649185,Central Region,Singapore River,1.29309,103.84186,376.00,2
635987457,156409670,Central Region,Rochor,1.30477,103.8524,334.00,1
638176617,138649185,Central Region,Queenstown,1.29848,103.78732,568.00,1
638201906,156409670,Central Region,Queenstown,1.29864,103.78694,568.00,1
643090826,461973800,East Region,Bedok,1.31873,103.91327,108.00,6
644687177,463195123,Central Region,Geylang,1.31481,103.89846,168.00,3
650228376,13468566,Central Region,Downtown Core,1.27454,103.84188,242.00,3
650233126,13468566,Central Region,Downtown Core,1.27402,103.84229,120.00,5
654135534,463195123,Central Region,Geylang,1.31481,103.89846,182.00,11
657378468,465816408,Central Region,Outram,1.28122,103.84574,763.00,19
661126911,337002461,Central Region,Kallang,1.31357,103.85924,463.00,71
661141365,337002461,Central Region,Kallang,1.31308,103.86156,699.00,4
663003515,125437217,West Region,Choa Chu Kang,1.38735,103.74378,70.00,3
669791782,136518035,Central Region,Kallang,1.32314,103.86622,40.00,2
670691878,469397382,Central Region,Outram,1.28157,103.84578,398.00,10
670732632,469397382,Central Region,Outram,1.28236,103.84513,419.00,7
670740956,469397382,Central Region,Outram,1.28146,103.84569,240.00,4
670746100,469397382,Central Region,Outram,1.2817,103.84511,324.00,4
670750910,469397382,Central Region,Outram,1.28165,103.84689,240.00,19
670754302,469397382,Central Region,Outram,1.28375,103.84558,240.00,3
670758750,469397382,Central Region,Outram,1.28215,103.84534,324.00,7
670887749,469397382,Central Region,Outram,1.28159,103.84721,240.00,6
674952495,469397382,Central Region,Outram,1.28265,103.84602,429.00,9
674964505,469397382,Central Region,Outram,1.28265,103.84602,314.00,6
674976333,469397382,Central Region,Outram,1.28265,103.84602,314.00,4
675675863,469397382,Central Region,Outram,1.28265,103.84602,240.00,9
675682174,469397382,Central Region,Outram,1.28265,103.84602,429.00,9
675861895,469397382,Central Region,Outram,1.28265,103.84602,324.00,4
675870259,469397382,Central Region,Outram,1.28168,103.84673,419.00,17
676406619,469397382,Central Region,Outram,1.28265,103.84602,240.00,3
678593171,469397382,Central Region,Outram,1.28175,103.84576,314.00,9
680200338,469397382,Central Region,Outram,1.28167,103.84685,314.00,4
680202927,469397382,Central Region,Outram,1.2835,103.84557,314.00,3
685013587,469397382,Central Region,Outram,1.28217,103.84692,314.00,7
685023601,469397382,Central Region,Outram,1.28265,103.84602,419.00,10
688622666,469397382,Central Region,Outram,1.28265,103.84602,419.00,2
691733988,37964493,North Region,Yishun,1.41237,103.83509,70.00,1
694094996,25668648,East Region,Bedok,1.33071,103.94424,78.00,1
696253795,24496358,Central Region,Novena,1.31852,103.84751,284.00,6
707565204,109741357,Central Region,Marina South,1.27842,103.86193,747.00,65
709939057,109741357,Central Region,Marina South,1.27827,103.86198,774.00,34
713931790,109741357,Central Region,Marina South,1.27835,103.86192,706.00,25
714890700,469397382,Central Region,Outram,1.28353,103.84574,303.00,2
716283486,109741357,Central Region,Marina South,1.27833,103.86197,743.00,12
719821104,32232191,Central Region,Tanglin,1.2937,103.82949,108.00,4
721480577,138649185,Central Region,Marine Parade,1.29959,103.90053,282.00,1
724214731,16840994,East Region,Bedok,1.33738,103.92821,220.00,2
734335764,465816408,Central Region,Outram,1.28107,103.8465,635.00,7
734588947,50158481,Central Region,Kallang,1.31194,103.86082,51.00,42
734600133,52053615,Central Region,Bukit Merah,1.26608,103.80932,476.00,13
738632897,218702365,East Region,Bedok,1.31308,103.94012,155.00,1
741440446,25375339,Central Region,Geylang,1.31243,103.879,45.00,3
749758789,138649185,Central Region,Singapore River,1.293,103.84321,469.00,8
755422693,138649185,Central Region,Singapore River,1.29322,103.84231,399.00,16
755560671,138649185,Central Region,Novena,1.32459,103.84747,506.00,6
756273570,138649185,Central Region,Bukit Merah,1.29082,103.83102,499.00,2
764824832,1439258,Central Region,Queenstown,1.27944,103.7873,136.00,2
771234942,18618387,Central Region,Queenstown,1.28167,103.78602,450.00,1
771247750,18618387,Central Region,Queenstown,1.27963,103.78599,386.00,7
771301226,18618387,Central Region,Queenstown,1.28144,103.78722,232.00,1
771311210,18618387,Central Region,Queenstown,1.27951,103.78728,256.00,1
771426892,18618387,Central Region,Queenstown,1.28113,103.7853,243.00,1
772771788,238891646,Central Region,Singapore River,1.28951,103.83699,350.00,2
772794978,238891646,Central Region,Singapore River,1.28977,103.8351,500.00,8
774251290,13468566,Central Region,Downtown Core,1.27462,103.84192,178.00,3
776405587,461577696,Central Region,Queenstown,1.27067,103.79838,133.00,8
780073511,138649185,Central Region,Singapore River,1.29278,103.84385,463.00,10
782824856,452204023,Central Region,Queenstown,1.27011,103.79766,128.00,9
782868929,452204023,Central Region,Queenstown,1.27027,103.79832,143.00,7
789762213,474773234,Central Region,Singapore River,1.28742,103.84727,195.00,9
791220299,474773234,Central Region,Singapore River,1.28742,103.84727,53.00,14
791860562,493110459,Central Region,Downtown Core,1.29749,103.85674,387.00,4
795610316,61619807,Central Region,River Valley,1.29671,103.84007,234.00,9
796557098,1439258,Central Region,Queenstown,1.28068,103.78517,76.00,1
797803598,10248444,Central Region,River Valley,1.29665,103.83962,249.00,5
798224495,138649185,Central Region,Singapore River,1.29265,103.84384,903.00,3
798264417,494593479,Central Region,Outram,1.28421,103.84433,927.00,18
798279586,494593479,Central Region,Outram,1.28413,103.84444,"1,315.00",2
800298184,337002461,Central Region,Kallang,1.31307,103.86123,405.00,8
801186555,23336011,Central Region,Outram,1.28254,103.84314,291.00,17
801920114,23336011,Central Region,Outram,1.28354,103.84395,319.00,27
806295889,23336011,Central Region,Outram,1.28354,103.84395,403.00,4
806312921,23336011,Central Region,Outram,1.28354,103.84395,393.00,118
806321235,23336011,Central Region,Outram,1.28354,103.84395,398.00,16
810376811,494593479,Central Region,Outram,1.28421,103.84433,990.00,8
822046864,36773968,West Region,Bukit Batok,1.36306,103.76411,81.00,1
822059164,494593479,Central Region,Outram,1.28424,103.84429,713.00,7
825255331,238891646,West Region,Jurong East,1.33751,103.74602,450.00,1
825579456,800558,Central Region,Downtown Core,1.27669,103.84954,"1,346.00",2
826508772,21378632,Central Region,Queenstown,1.29148,103.77247,118.00,1
827845795,501291108,Central Region,Tanglin,1.31584,103.82831,250.00,11
829322076,138649185,Central Region,Orchard,1.30722,103.83526,461.00,1
830754747,138649185,Central Region,River Valley,1.29164,103.83926,227.00,3
831008711,501291108,Central Region,Tanglin,1.31532,103.8278,229.00,7
831033318,501291108,Central Region,Tanglin,1.31559,103.82779,322.00,13
831518184,238891646,Central Region,Bukit Merah,1.28929,103.83055,513.00,1
832538193,46685310,Central Region,River Valley,1.29472,103.84018,328.00,13
838867174,243474450,East Region,Pasir Ris,1.36109,103.96792,63.00,1
852527793,138649185,Central Region,Novena,1.32428,103.84574,429.00,4
853124282,38753656,Central Region,Southern Islands,1.2523,103.82032,775.00,4
853329364,23336011,Central Region,Outram,1.28093,103.84576,267.00,36
853329655,23336011,Central Region,Outram,1.28354,103.84395,328.00,34
853333353,23336011,Central Region,Outram,1.28354,103.84395,401.00,54
856893840,138649185,Central Region,Rochor,1.30587,103.85184,655.00,2
863260350,118496059,Central Region,Singapore River,1.29071,103.83677,123.00,2
863992542,118496059,Central Region,Singapore River,1.29101,103.83679,172.00,5
864099010,494593479,Central Region,Outram,1.28421,103.84433,"1,133.00",3
864117612,494593479,Central Region,Outram,1.28413,103.84444,"1,727.00",2
866448854,138649185,Central Region,Bukit Merah,1.28919,103.83237,659.00,1
867296050,238891646,Central Region,Bukit Merah,1.28918,103.83199,612.00,3
869099179,118496059,Central Region,Singapore River,1.29094,103.83655,84.00,9
870150798,118496059,Central Region,Singapore River,1.29094,103.83655,90.00,8
870182864,118496059,Central Region,Singapore River,1.29094,103.83655,81.00,5
872033189,474773234,Central Region,Singapore River,1.2875,103.84715,53.00,5
873140844,109333133,Central Region,River Valley,1.29485,103.83985,288.00,5
873151302,61619807,Central Region,River Valley,1.29446,103.8386,267.00,16
873151554,10248444,Central Region,River Valley,1.29606,103.8403,383.00,14
873151881,46685310,Central Region,River Valley,1.29644,103.83792,300.00,4
873159641,61619807,Central Region,River Valley,1.29594,103.83817,233.00,5
878488989,504706105,Central Region,Southern Islands,1.22272,103.85454,376.00,1
878489359,504706105,Central Region,Southern Islands,1.22272,103.85454,376.00,1
878489587,504706105,Central Region,Southern Islands,1.22344,103.85435,376.00,3
892382752,514965405,West Region,Clementi,1.30535,103.76798,94.00,58
896425506,61619807,Central Region,River Valley,1.29576,103.83808,295.00,2
896425553,61619807,Central Region,River Valley,1.29441,103.83878,329.00,4
897448879,138649185,Central Region,River Valley,1.29339,103.84124,404.00,2
897507768,461577696,Central Region,Queenstown,1.26995,103.7981,282.00,2
898183559,46685310,Central Region,River Valley,1.29525,103.83989,198.00,43
898295862,138649185,Central Region,Singapore River,1.29267,103.8417,490.00,1
907077257,518346592,Central Region,Rochor,1.30871,103.85543,45.00,1
907686638,101145755,Central Region,Marine Parade,1.30076,103.90113,280.00,2
912791958,519745580,Central Region,Novena,1.32649,103.85305,122.00,3
914805460,333673909,Central Region,Downtown Core,1.29828,103.8578,554.00,173
915670366,238891646,Central Region,Bukit Merah,1.2892,103.83071,"1,300.00",1
916360007,54050593,North-East Region,Punggol,1.41068,103.89922,55.00,3
918098632,1529439,East Region,Bedok,1.31859,103.94834,99.00,1
919968290,238891646,Central Region,Bukit Merah,1.29067,103.83226,852.00,1
927092195,292133113,Central Region,Rochor,1.30336,103.85875,435.00,9
927104359,292133113,Central Region,Rochor,1.30409,103.85947,582.00,14
933141148,1529439,East Region,Bedok,1.31958,103.94921,79.00,3
934346542,525207877,Central Region,Downtown Core,1.29601,103.85699,622.00,148
934354866,525207877,Central Region,Downtown Core,1.29778,103.85556,628.00,20
934368914,525207877,Central Region,Downtown Core,1.29582,103.85536,601.00,27
934381114,525207877,Central Region,Downtown Core,1.29779,103.85645,650.00,28
934386884,525207877,Central Region,Downtown Core,1.29604,103.85672,700.00,6
938672532,292133113,Central Region,Rochor,1.30409,103.85947,826.00,12
938821130,526632910,Central Region,Downtown Core,1.29578,103.85473,202.00,11
939706932,292133113,Central Region,Rochor,1.30409,103.85947,506.00,13
939714606,292133113,Central Region,Rochor,1.30409,103.85947,705.00,5
942498058,29032695,Central Region,Marine Parade,1.30706,103.90514,120.00,4
943118105,29032695,Central Region,Marine Parade,1.30574,103.90365,133.00,1
943163894,29032695,Central Region,Marine Parade,1.30789,103.90494,133.00,1
943220901,29032695,Central Region,Marine Parade,1.30642,103.90517,133.00,4
944449482,528137608,Central Region,Singapore River,1.29532,103.83094,842.00,5
948700412,528168810,Central Region,Marine Parade,1.30569,103.90503,350.00,7
954625302,25375339,Central Region,Geylang,1.31244,103.87908,50.00,3
957684538,528168810,Central Region,Marine Parade,1.3048,103.9059,268.00,25
959465909,46685310,Central Region,River Valley,1.29461,103.83976,241.00,34
974183835,50158481,Central Region,Kallang,1.31104,103.85993,61.00,20
974194294,50158481,Central Region,Kallang,1.31194,103.86082,269.00,6
994831838,109333133,Central Region,River Valley,1.2959,103.84017,350.00,3
996212506,535899829,Central Region,Kallang,1.31319,103.8597,207.00,269
999267804,10248444,Central Region,River Valley,1.29595,103.83791,291.00,32
100037811,11135246,North-East Region,Ang Mo Kio,1.39131,103.8504,40.00,9
100170494,121666882,Central Region,Downtown Core,1.27993,103.85229,70.00,1
100180816,121666882,Central Region,Novena,1.32146,103.83527,130.00,1
100253998,481728556,Central Region,Kallang,1.30963,103.85897,875.00,4
100380454,25375339,Central Region,Geylang,1.31244,103.87908,48.00,1
100392351,124516401,Central Region,Orchard,1.30119,103.84121,312.00,5
100466870,124516401,Central Region,Orchard,1.30142,103.8407,510.00,5
100872396,46685310,Central Region,River Valley,1.29495,103.8402,379.00,4
100931061,535899829,Central Region,Kallang,1.31319,103.8597,189.00,66
100965183,1439258,Central Region,Queenstown,1.28147,103.7867,140.00,4
100966202,1439258,Central Region,Queenstown,1.28118,103.78748,138.00,12
101567443,138649185,Central Region,Singapore River,1.29204,103.84113,620.00,2
102558888,225641992,Central Region,Orchard,1.30089,103.83789,"1,370.00",8
102865768,138649185,Central Region,River Valley,1.29276,103.83909,349.00,1
103256159,252091822,West Region,Jurong West,1.33813,103.69307,96.00,4
103374517,109333133,Central Region,River Valley,1.29676,103.84021,333.00,27
103600295,101145755,Central Region,Marine Parade,1.30076,103.90113,209.00,5
103962802,46685310,Central Region,River Valley,1.29508,103.84005,358.00,15
104108908,61619807,Central Region,River Valley,1.29658,103.83928,179.00,6
104525405,337002461,Central Region,Outram,1.28231,103.84474,565.00,33
104977010,551640139,Central Region,Downtown Core,1.29732,103.85641,257.00,1
105038475,101145755,Central Region,Marine Parade,1.30101,103.9,153.00,1
105038832,101145755,Central Region,Marine Parade,1.30164,103.89994,247.00,6
106841962,323810058,Central Region,Outram,1.28096,103.84595,88.00,56
106997824,109333133,Central Region,River Valley,1.29626,103.84011,230.00,1
107006072,109333133,Central Region,River Valley,1.29619,103.83821,397.00,8
107009224,544525434,Central Region,Kallang,1.31078,103.86334,104.00,3
107210322,193819283,Central Region,Kallang,1.31694,103.85316,136.00,18
107297646,193819283,Central Region,Kallang,1.31583,103.85405,129.00,12
107600952,535899829,Central Region,Kallang,1.31319,103.8597,197.00,8
107706616,50158481,Central Region,Kallang,1.31012,103.85814,45.00,518
108140665,323810058,Central Region,Downtown Core,1.28046,103.84592,94.00,80
108161386,193819283,Central Region,Kallang,1.31654,103.85197,148.00,6
108376311,97457781,Central Region,Marine Parade,1.30329,103.9031,72.00,6
108532995,14772745,Central Region,Queenstown,1.28117,103.78974,98.00,2
108722605,10248444,Central Region,River Valley,1.2949,103.8395,223.00,23
108739982,10248444,Central Region,River Valley,1.29495,103.83798,223.00,10
109084412,10248444,Central Region,River Valley,1.2965,103.83883,183.00,12
109095621,10248444,Central Region,River Valley,1.29494,103.84029,224.00,16
109235517,61619807,Central Region,River Valley,1.29674,103.8381,177.00,4
109242022,109333133,Central Region,River Valley,1.29546,103.84055,223.00,2
109320134,313008662,Central Region,Geylang,1.31708,103.88263,504.00,7
109591570,38753656,Central Region,Southern Islands,1.25384,103.82062,248.00,6
109816243,10248444,Central Region,River Valley,1.29685,103.83834,298.00,4
109824280,23336011,Central Region,Outram,1.28093,103.84576,462.00,32
109825341,23336011,Central Region,Outram,1.28093,103.84576,302.00,4
109826969,109333133,Central Region,River Valley,1.29663,103.83828,447.00,7
109829603,23336011,Central Region,Outram,1.28093,103.84576,466.00,3
110701136,193819283,Central Region,Kallang,1.31668,103.85213,145.00,7
110701814,193819283,Central Region,Kallang,1.31694,103.85316,106.00,20
110703871,193819283,Central Region,Kallang,1.31694,103.85316,151.00,25
110920492,37964493,West Region,Jurong West,1.34473,103.71847,54.00,1
111052085,238891646,Central Region,Queenstown,1.29667,103.80444,363.00,1
111624957,46685310,Central Region,River Valley,1.29611,103.83964,242.00,2
111725716,138649185,Central Region,Newton,1.30873,103.83047,599.00,2
112076440,10248444,Central Region,River Valley,1.29677,103.8392,339.00,4
112085542,10248444,Central Region,River Valley,1.29681,103.84012,267.00,10
112088328,538385739,Central Region,Southern Islands,1.25638,103.82121,422.00,19
112238940,109333133,Central Region,River Valley,1.2961,103.83823,289.00,4
112240544,109333133,Central Region,River Valley,1.29458,103.8402,286.00,7
112506131,313008662,Central Region,Geylang,1.3173,103.88331,452.00,33
112572852,48437716,North-East Region,Punggol,1.40574,103.90056,160.00,1
112642182,337002461,Central Region,Kallang,1.31177,103.86107,"9,999.00",62
112643265,337002461,Central Region,Kallang,1.31329,103.85929,"9,999.00",8
112644129,337002461,Central Region,Kallang,1.31361,103.85924,"9,999.00",11
112644713,337002461,Central Region,Kallang,1.31369,103.86126,48.00,14
112655976,337002461,Central Region,Outram,1.2827,103.84441,"9,999.00",28
112712074,337002461,Central Region,Outram,1.28364,103.84265,"9,999.00",107
112712531,337002461,Central Region,Outram,1.28436,103.84333,"9,999.00",14
112712925,337002461,Central Region,Outram,1.28424,103.84327,"9,999.00",28
112713485,337002461,Central Region,Outram,1.2843,103.84391,"9,999.00",12
112895038,57612875,Central Region,Rochor,1.29939,103.85131,384.00,16
113040389,313008662,Central Region,Geylang,1.31536,103.88256,452.00,12
113312674,193819283,Central Region,Kallang,1.31694,103.85316,125.00,8
113391507,61619807,Central Region,River Valley,1.29676,103.83967,298.00,9
113803670,4725831,Central Region,Marine Parade,1.30755,103.90571,171.00,1
114164559,1753568,North-East Region,Hougang,1.37528,103.90393,179.00,1
114183630,121666882,Central Region,Novena,1.31957,103.83567,145.00,1
114392197,29032695,Central Region,Marine Parade,1.30673,103.90424,121.00,1
114392594,29032695,Central Region,Marine Parade,1.30766,103.90361,95.00,5
114392913,29032695,Central Region,Marine Parade,1.30731,103.90342,91.00,2
114742372,109333133,Central Region,River Valley,1.29476,103.83833,254.00,1
114817114,61619807,Central Region,River Valley,1.29518,103.83814,444.00,2
115072626,142217058,Central Region,Outram,1.27752,103.84226,438.00,5
115192101,576414012,Central Region,Downtown Core,1.29725,103.85642,617.00,25
115554127,149374360,Central Region,Marine Parade,1.30482,103.9059,371.00,3
115605524,528168810,Central Region,Marine Parade,1.30482,103.9059,371.00,7
115608961,501291108,Central Region,Tanglin,1.31633,103.82719,257.00,1
115987727,578365972,East Region,Bedok,1.30872,103.91198,531.00,38
116342577,578365972,East Region,Bedok,1.30872,103.91198,500.00,13
116407948,29032695,Central Region,Marine Parade,1.30676,103.90422,91.00,4
116408498,29032695,Central Region,Marine Parade,1.30676,103.90422,95.00,1
116408848,29032695,Central Region,Marine Parade,1.30676,103.90422,133.00,6
116848101,29032695,Central Region,Marine Parade,1.30676,103.90422,163.00,1
116923749,29032695,Central Region,Marine Parade,1.30629,103.90326,120.00,1
116923932,29032695,Central Region,Marine Parade,1.30592,103.90487,162.00,1
117216722,92189808,East Region,Tampines,1.34025,103.95873,80.00,1
117225619,2676835,East Region,Pasir Ris,1.37973,103.95474,466.00,2
117305596,581868519,Central Region,Geylang,1.31153,103.88225,35.00,2
117378794,2676835,East Region,Pasir Ris,1.37905,103.95401,367.00,2
117715737,2676835,East Region,Pasir Ris,1.3797,103.95604,398.00,1
117726658,238891646,Central Region,River Valley,1.29676,103.84146,700.00,1
118954732,48437716,West Region,Bukit Panjang,1.34854,103.77092,49.00,1
119776743,581868519,Central Region,Geylang,1.31302,103.88412,39.00,3
120197123,46545593,Central Region,Kallang,1.3113,103.86074,136.00,5
120353969,43780531,Central Region,Newton,1.30997,103.83535,151.00,1
120897610,46545593,Central Region,Kallang,1.31124,103.86065,136.00,3
120975000,528203435,West Region,Choa Chu Kang,1.38634,103.74291,84.00,1
121113996,501291108,Central Region,Tanglin,1.31637,103.82718,247.00,8
121156757,592601437,Central Region,Kallang,1.31337,103.85333,54.00,1
121277820,24476285,North Region,Sembawang,1.44595,103.81432,56.00,1
121369217,46545593,Central Region,Kallang,1.31133,103.86074,70.00,81
121438604,25375339,Central Region,Geylang,1.31334,103.87995,87.00,2
121498955,46545593,Central Region,Kallang,1.31211,103.8615,71.00,6
121761224,594643865,East Region,Bedok,1.328,103.91432,76.00,1
122597266,2676835,Central Region,Singapore River,1.28796,103.83671,"1,402.00",1
122685643,109333133,Central Region,River Valley,1.29539,103.83994,442.00,16
122685658,46685310,Central Region,River Valley,1.29651,103.83797,354.00,5
122685659,46685310,Central Region,River Valley,1.29669,103.83952,339.00,15
122685661,46685310,Central Region,River Valley,1.29513,103.83799,261.00,2
122738714,521372493,Central Region,Singapore River,1.28703,103.84894,297.00,6
122833037,2676835,Central Region,Singapore River,1.2871,103.84529,"1,177.00",1
122902899,46685310,Central Region,River Valley,1.29663,103.84019,205.00,7
122903834,109333133,Central Region,River Valley,1.29452,103.83984,536.00,3
123153180,594643865,East Region,Bedok,1.33002,103.91379,53.00,1
123190853,61619807,Central Region,River Valley,1.29665,103.83791,390.00,7
123412759,46685310,Central Region,River Valley,1.29498,103.83984,381.00,1
123412774,10248444,Central Region,River Valley,1.29456,103.83852,319.00,10
123903450,265191783,East Region,Bedok,1.32962,103.94609,63.00,1
123987972,2676835,Central Region,Outram,1.27629,103.84385,424.00,1
124386015,651579232,North-East Region,Serangoon,1.34542,103.87248,355.00,3
124396893,337002461,Central Region,Kallang,1.31182,103.86017,712.00,6
124476015,651579232,North-East Region,Serangoon,1.34703,103.87209,338.00,1
124812216,651570560,East Region,Pasir Ris,1.37614,103.95363,344.00,4
125331431,653907958,Central Region,River Valley,1.29293,103.83867,456.00,73
125350153,265191783,Central Region,Geylang,1.31326,103.89227,230.00,1
125406135,653907958,Central Region,River Valley,1.29293,103.83867,377.00,40
126237370,109333133,Central Region,River Valley,1.29675,103.83976,220.00,4
126237371,109333133,Central Region,River Valley,1.29494,103.83891,209.00,9
126237374,109333133,Central Region,River Valley,1.29648,103.83825,435.00,3
126237376,109333133,Central Region,River Valley,1.29606,103.84017,291.00,6
126528890,61619807,Central Region,River Valley,1.29672,103.83823,225.00,3
126528923,46685310,Central Region,River Valley,1.29462,103.84018,290.00,3
126528943,46685310,Central Region,River Valley,1.29462,103.83925,480.00,1
126528950,46685310,Central Region,River Valley,1.29527,103.84017,296.00,17
126714218,657041373,Central Region,Geylang,1.31404,103.89937,443.00,14
126848801,657041373,Central Region,Geylang,1.31379,103.89794,497.00,22
126855918,657041373,Central Region,Geylang,1.31552,103.89952,615.00,25
126856543,657041373,Central Region,Geylang,1.31409,103.89776,804.00,7
126859136,657041373,Central Region,Geylang,1.31408,103.8994,884.00,3
127218638,658194062,Central Region,Rochor,1.30434,103.85458,649.00,58
127222921,658194062,Central Region,Rochor,1.30424,103.85296,659.00,68
127225538,658194062,Central Region,Rochor,1.30465,103.85521,630.00,2
127228358,23336011,Central Region,Outram,1.2831,103.84314,277.00,2
127314644,10248444,Central Region,River Valley,1.29599,103.83822,312.00,1
127314650,10248444,Central Region,River Valley,1.29485,103.83958,432.00,9
127314689,109333133,Central Region,River Valley,1.29618,103.83811,183.00,3
127314691,109333133,Central Region,River Valley,1.29603,103.84019,539.00,3
127314708,46685310,Central Region,River Valley,1.29664,103.83903,217.00,14
127314710,46685310,Central Region,River Valley,1.29496,103.83977,236.00,1
127314711,46685310,Central Region,River Valley,1.29596,103.84012,281.00,1
127314738,61619807,Central Region,River Valley,1.29481,103.83824,278.00,8
127314751,61619807,Central Region,River Valley,1.29542,103.83844,252.00,1
129394755,404487343,Central Region,River Valley,1.29466,103.83953,307.00,1
129824056,10248444,Central Region,River Valley,1.29477,103.84001,490.00,4
129828016,46685310,Central Region,River Valley,1.29494,103.83831,210.00,6
129830627,46685310,Central Region,River Valley,1.29611,103.84018,336.00,8
129835062,46685310,Central Region,River Valley,1.29507,103.838,330.00,2
129839408,109333133,Central Region,River Valley,1.29638,103.83805,325.00,1
129848686,238891646,Central Region,Bukit Merah,1.28882,103.83184,878.00,1
129849901,238891646,Central Region,Bukit Merah,1.29072,103.83207,826.00,1
129987782,24496358,Central Region,Novena,1.31853,103.84749,226.00,1
129989245,78727517,Central Region,Downtown Core,1.27396,103.84705,188.00,3
129992882,68059127,Central Region,Novena,1.31853,103.84749,275.00,1
130394745,10248444,Central Region,River Valley,1.29493,103.83833,285.00,5
130406856,46685310,Central Region,River Valley,1.29679,103.83849,325.00,9
130406957,61619807,Central Region,River Valley,1.29461,103.83934,322.00,8
130407494,109333133,Central Region,River Valley,1.29635,103.83971,408.00,1
130424393,46685310,Central Region,River Valley,1.29631,103.84001,377.00,1
130501583,10248444,Central Region,River Valley,1.29638,103.83837,358.00,2
130576419,46685310,Central Region,River Valley,1.29655,103.84021,251.00,2
130603696,46685310,Central Region,River Valley,1.29471,103.83957,397.00,2
130604881,404487343,Central Region,River Valley,1.29593,103.83801,398.00,3
130625061,109333133,Central Region,River Valley,1.29657,103.83988,215.00,4
130627413,404487343,Central Region,River Valley,1.29453,103.83947,194.00,4
130637233,61619807,Central Region,River Valley,1.2966,103.83942,196.00,6
130685455,61619807,Central Region,River Valley,1.29646,103.83895,214.00,1
130685954,109333133,Central Region,River Valley,1.2965,103.8407,253.00,1
130931251,554949756,Central Region,Rochor,1.3092,103.85317,428.00,3
131281256,404487343,Central Region,River Valley,1.29448,103.84013,447.00,4
131567203,238891646,Central Region,Bukit Merah,1.2893,103.83213,"1,300.00",1
132172208,538385739,Central Region,Southern Islands,1.25695,103.82029,548.00,3
132351190,669802313,Central Region,Museum,1.29747,103.84324,108.00,3
132951914,669992514,North Region,Yishun,1.41297,103.83486,75.00,9
133813159,50158481,Central Region,Kallang,1.31019,103.85827,45.00,132
133944458,651570560,East Region,Pasir Ris,1.37578,103.95463,310.00,4
134013914,528203435,West Region,Choa Chu Kang,1.38735,103.74378,82.00,2
134170159,61619807,Central Region,River Valley,1.29473,103.83866,409.00,2
134320644,521372493,Central Region,Singapore River,1.28703,103.84894,50.00,12
134388743,404487343,Central Region,River Valley,1.29493,103.83815,500.00,1
134397475,10248444,Central Region,River Valley,1.29657,103.83814,274.00,3
134468299,61619807,Central Region,River Valley,1.29512,103.84074,359.00,6
134489459,404487343,Central Region,River Valley,1.29506,103.84018,339.00,2
134599432,10248444,Central Region,River Valley,1.29646,103.83816,460.00,1
134602723,474773234,Central Region,Singapore River,1.28655,103.8476,51.00,2
134603959,474773234,Central Region,Singapore River,1.28646,103.84833,51.00,2
134635442,474773234,Central Region,Singapore River,1.28836,103.84636,51.00,1
135287355,474773234,Central Region,Singapore River,1.28742,103.84727,51.00,7
135488399,159031223,North-East Region,Hougang,1.35456,103.87928,137.00,9
135538655,159031223,North-East Region,Hougang,1.35456,103.87928,200.00,2
135541986,159031223,North-East Region,Hougang,1.35456,103.87928,218.00,2
135927046,10248444,Central Region,River Valley,1.29529,103.83812,172.00,1
135944699,125437217,West Region,Choa Chu Kang,1.38557,103.74354,70.00,2
135951460,46685310,Central Region,River Valley,1.2947,103.83879,240.00,1
135978615,46685310,Central Region,River Valley,1.29456,103.83965,481.00,1
135988500,46685310,Central Region,River Valley,1.29491,103.83968,430.00,2
136000278,61619807,Central Region,River Valley,1.29633,103.83828,311.00,2
136052015,61619807,Central Region,River Valley,1.29519,103.84012,394.00,5
136075060,404487343,Central Region,River Valley,1.29643,103.83998,443.00,1
136149791,404487343,Central Region,River Valley,1.29626,103.83806,557.00,1
136151003,404487343,Central Region,River Valley,1.29671,103.83816,410.00,1
136159597,404487343,Central Region,River Valley,1.29659,103.8405,173.00,1
136569387,681289641,Central Region,Outram,1.28347,103.84547,48.00,39
136712862,681289641,Central Region,Outram,1.28346,103.84555,78.00,27
136767500,46685310,Central Region,River Valley,1.29662,103.83979,504.00,2
136842907,23336011,Central Region,Rochor,1.30444,103.85881,259.00,5
136845053,23336011,Central Region,Rochor,1.30391,103.86039,221.00,13
136931196,23336011,Central Region,Rochor,1.30433,103.85896,250.00,3
137454476,24476285,North Region,Yishun,1.43128,103.82725,52.00,2
137884853,48641401,North Region,Yishun,1.41312,103.83288,77.00,10
138088443,46685310,Central Region,River Valley,1.29623,103.83844,206.00,3
138088455,109333133,Central Region,River Valley,1.29665,103.83845,234.00,1
138131039,109333133,Central Region,River Valley,1.29494,103.84008,413.00,1
138231129,685640177,Central Region,Singapore River,1.28766,103.84896,48.00,5
138237641,685640177,Central Region,Singapore River,1.28766,103.84896,78.00,2
138526014,396588956,Central Region,Rochor,1.30229,103.8498,841.00,3
138526805,396588956,Central Region,Rochor,1.30229,103.8498,528.00,1
138527076,396588956,Central Region,Rochor,1.30229,103.8498,678.00,2
138740804,125437217,West Region,Choa Chu Kang,1.38718,103.74345,69.00,1
138953319,238891646,Central Region,Bukit Merah,1.28899,103.83077,630.00,1
138971901,687512818,Central Region,Bukit Merah,1.28403,103.83528,261.00,5
139034575,687512818,Central Region,Bukit Merah,1.28508,103.83485,196.00,8
139035392,687512818,Central Region,Bukit Merah,1.28508,103.83485,304.00,1
139039859,687512818,Central Region,Bukit Merah,1.28508,103.83485,167.00,3
139214878,109333133,Central Region,River Valley,1.29512,103.83794,626.00,1
139215152,10248444,Central Region,River Valley,1.2964,103.83816,453.00,1
139215162,10248444,Central Region,River Valley,1.29498,103.83822,278.00,4
139215334,46685310,Central Region,River Valley,1.29476,103.83798,354.00,1
139466316,23336011,Central Region,Rochor,1.30469,103.86023,226.00,3
139466632,23336011,Central Region,Rochor,1.30469,103.86023,321.00,2
139466810,23336011,Central Region,Rochor,1.30391,103.85965,240.00,33
139467268,23336011,Central Region,Rochor,1.30367,103.86091,255.00,1
139467477,23336011,Central Region,Rochor,1.30469,103.86023,298.00,3
139554972,554949756,Central Region,Rochor,1.30956,103.85229,374.00,1
139604475,61619807,Central Region,River Valley,1.29646,103.83785,588.00,2
139990730,24496358,Central Region,Novena,1.31843,103.84772,292.00,2
139993551,24496358,Central Region,Novena,1.31796,103.84887,171.00,2
139997893,24496358,Central Region,Novena,1.31802,103.84891,256.00,1
140036890,61619807,Central Region,River Valley,1.29481,103.83821,223.00,1
140036893,61619807,Central Region,River Valley,1.29513,103.84038,231.00,1
140036947,10248444,Central Region,River Valley,1.29519,103.83847,218.00,1
140036951,46685310,Central Region,River Valley,1.29496,103.83816,181.00,1
140036954,46685310,Central Region,River Valley,1.29651,103.83886,205.00,1
140036985,404487343,Central Region,River Valley,1.29672,103.83919,261.00,1
140134634,68059127,Central Region,Novena,1.31843,103.84772,289.00,1
140262358,61619807,Central Region,River Valley,1.29463,103.83882,571.00,1
140262375,46685310,Central Region,River Valley,1.29673,103.84003,545.00,3
140262381,10248444,Central Region,River Valley,1.29667,103.84002,612.00,2
140273521,229617427,Central Region,River Valley,1.2981,103.84121,187.00,1
140425645,238891646,Central Region,Novena,1.32442,103.85088,576.00,1
140865366,326090835,Central Region,Queenstown,1.29265,103.76977,321.00,3
140990583,61619807,Central Region,River Valley,1.29663,103.83881,197.00,1
140990627,10248444,Central Region,River Valley,1.29663,103.84011,280.00,1
140990628,10248444,Central Region,River Valley,1.29688,103.84069,189.00,3
140990952,404487343,Central Region,River Valley,1.29485,103.83844,237.00,2
141067173,46685310,Central Region,River Valley,1.29653,103.83875,231.00,2
141070192,109333133,Central Region,River Valley,1.29649,103.83884,170.00,1
141672340,68059127,Central Region,Novena,1.31905,103.84854,228.00,3
141673522,24496358,Central Region,Novena,1.31777,103.84664,253.00,1
141675429,68059127,Central Region,Novena,1.31775,103.84663,408.00,3
141716659,694002672,Central Region,Kallang,1.31176,103.8602,134.00,2
141791812,694002672,Central Region,Kallang,1.31068,103.85947,176.00,4
141885716,46685310,Central Region,River Valley,1.29658,103.83833,267.00,1
141886717,61619807,Central Region,River Valley,1.29473,103.83848,226.00,5
142165802,3222935,East Region,Bedok,1.31108,103.91287,180.00,1
142364368,24496358,Central Region,Novena,1.31843,103.84772,254.00,2
142585988,109333133,Central Region,River Valley,1.29481,103.84009,303.00,2
142603158,109333133,Central Region,River Valley,1.29497,103.83875,189.00,2
142663553,10248444,Central Region,River Valley,1.29457,103.83833,246.00,3
142664167,10248444,Central Region,River Valley,1.2968,103.84053,181.00,3
142705887,46685310,Central Region,River Valley,1.29478,103.84002,267.00,1
142942961,697573716,Central Region,Kallang,1.31173,103.86109,257.00,7
143048150,697573716,Central Region,Kallang,1.31095,103.86179,198.00,10
143077881,694002672,Central Region,Kallang,1.31176,103.8602,111.00,25
143078480,694002672,Central Region,Kallang,1.31263,103.859,103.00,3
143085875,694002672,Central Region,Kallang,1.31176,103.8602,103.00,2
143099868,23336011,Central Region,Outram,1.28121,103.84861,377.00,2
143548117,220661611,Central Region,Novena,1.31895,103.84892,326.00,1
143549873,220661611,Central Region,Novena,1.31947,103.84751,267.00,1
143550120,220661611,Central Region,Novena,1.31823,103.84652,267.00,6
143550827,220661611,Central Region,Novena,1.31733,103.84863,594.00,5
144848641,702361576,Central Region,Outram,1.2797,103.8412,844.00,2
144936243,13468566,Central Region,Outram,1.27641,103.84248,242.00,1
145126237,396588956,Central Region,Rochor,1.30229,103.8498,998.00,1
145365242,465816408,Central Region,Outram,1.28221,103.84539,298.00,6
145484620,443920116,Central Region,Tanglin,1.31659,103.8267,210.00,2
145488586,443920116,Central Region,Tanglin,1.31646,103.8265,227.00,1
146795216,708079827,Central Region,Kallang,1.31514,103.85721,801.00,2
147006059,708644503,Central Region,River Valley,1.29606,103.84082,686.00,1
148336673,685354244,West Region,Clementi,1.30482,103.76912,87.00,3
148475731,109741357,Central Region,Queenstown,1.29491,103.78608,151.00,2
148624251,12569371,Central Region,Bukit Timah,1.33905,103.76912,150.00,1
149566765,84942477,East Region,Pasir Ris,1.37084,103.94569,66.00,3
