id,number_of_reviews,review_scores_rating
71609,19,4.44
71896,24,4.16
71903,46,4.41
275343,20,4.4
275344,16,4.27
294281,131,4.43
324945,17,3.5
330095,5,3.8
344803,60,4.6
369141,81,4.43
369145,163,4.39
395191,27,4.31
468782,83,4.7
606784,75,4.81
696136,26,4.5
747813,68,4.63
747816,25,4.56
756267,70,4.73
765579,2,4.0
815685,16,4.13
819034,40,4.78
819044,70,4.54
833289,2,5.0
863139,2,5.0
881253,3,4.0
904378,34,4.71
962594,2,5.0
982909,247,4.87
1024986,258,4.84
1160252,43,4.63
1242205,8,4.75
1261443,2,5.0
1363204,3,4.0
1495386,10,4.7
1508829,7,4.14
1615074,5,4.4
1654840,2,4.0
1719704,3,4.0
1902729,3,4.67
1902793,2,5.0
1928296,79,4.57
1941719,73,4.51
2009008,5,4.8
2129215,369,4.93
2142826,21,4.67
2156372,17,4.76
2320536,4,4.75
2547778,1,4.0
2922184,18,4.28
3034137,9,4.89
3304326,8,4.75
3667894,2,4.0
3802621,20,4.7
3803160,6,4.0
3980202,28,4.43
3981252,2,5.0
3990431,10,4.3
4054698,49,4.4
4069756,20,4.35
4271250,170,4.94
4441346,4,5.0
4486217,9,4.22
4499317,284,4.82
4526703,5,5.0
4541183,343,4.78
4619928,3,4.33
4712676,4,5.0
4741630,1,5.0
4863317,1,5.0
4869221,2,5.0
4926170,3,3.67
4973227,181,4.71
4989903,6,4.5
5040689,5,4.8
5052014,14,4.64
5116961,1,5.0
5129422,58,4.95
5186159,72,4.86
5233415,29,4.79
5253599,11,4.73
5339318,2,5.0
5446857,7,4.71
5448209,16,4.81
5464246,11,4.91
5494971,208,4.8
5551665,15,4.67
5573458,3,5.0
5634851,2,5.0
5798211,151,4.86
5827713,285,4.82
5827998,296,4.84
5889741,212,4.81
5919270,248,4.83
6020248,7,4.29
6261313,10,4.9
6287204,10,4.8
6300577,25,4.76
6317686,1,5.0
6352827,128,4.57
6453321,2,5.0
6529707,41,4.93
6547248,1,5.0
6603464,9,4.44
6620261,3,5.0
6630341,99,4.9
6693516,9,4.78
6716844,2,4.0
6718219,59,4.92
6718514,74,4.88
6831622,23,4.65
6959415,11,4.64
7156419,16,4.81
7162659,8,4.5
7250709,5,4.6
7250803,27,4.78
7296138,26,4.96
7321238,34,4.94
7398096,22,4.23
7641522,3,4.33
7653937,1,5.0
7666349,7,4.43
7667016,2,4.5
7720994,2,5.0
7905972,4,4.25
7927886,31,4.77
7946472,1,5.0
7994039,2,4.5
8004063,8,4.25
8007663,3,4.33
8017511,33,4.39
8038199,241,4.68
8111502,8,4.38
8111607,1,5.0
8113569,6,4.5
8113712,7,5.0
8113821,6,4.83
8113893,9,4.89
8113936,8,4.5
8114003,15,4.53
8160733,3,4.0
8180346,203,4.83
8256942,6,4.0
8508225,33,4.85
8705956,10,4.2
8721639,20,4.75
8800763,214,4.84
8890247,45,4.51
9016784,8,3.88
9032240,1,3.0
9216943,25,4.76
9268058,34,4.44
9268500,8,4.0
9268680,15,4.6
9269260,9,4.67
9269637,1,4.0
9269848,4,4.5
9269981,7,4.71
9281075,30,4.87
9320962,95,4.75
9351647,8,4.38
9532788,206,4.7
9635192,187,4.64
9746208,157,4.77
9828451,10,4.9
9857050,2,5.0
9887900,13,4.77
9932692,12,4.17
9986864,2,4.0
10427701,2,4.5
10718463,36,4.89
11465411,39,4.56
11496278,4,4.75
11544732,3,4.67
11581560,9,4.89
11660178,6,4.83
11679463,8,4.5
11760026,2,5.0
11980197,71,4.87
11993987,14,3.93
12028422,7,4.0
12162272,256,4.85
12213801,1,5.0
12219588,65,4.66
12317780,1,5.0
12367245,73,4.38
12367388,156,4.34
12434512,5,4.8
12484261,274,4.84
12556334,2,5.0
12702541,26,4.69
12738797,5,4.8
12738896,6,4.0
12801097,2,3.0
12904788,2,5.0
13183241,3,5.0
13254555,7,4.43
13274269,16,4.44
13274598,17,4.41
13283938,65,4.75
13286282,51,4.84
13317120,9,4.67
13396802,17,4.76
13454638,7,4.29
13468399,6,4.5
13556435,33,4.73
13559548,7,4.71
13642646,19,4.68
13703898,58,4.67
13809823,20,4.9
13952292,5,4.8
13965663,12,4.42
13966783,2,5.0
13967083,2,3.5
13967760,1,4.0
14020127,17,4.12
14029416,1,5.0
14094341,1,5.0
14099732,2,5.0
14211027,43,4.84
14226426,2,5.0
14226658,1,5.0
14289091,4,4.5
14293554,4,3.75
14341511,9,4.89
14407337,1,5.0
14435012,5,4.4
14530157,9,5.0
14558461,1,5.0
14577360,2,5.0
14582945,1,4.0
14583967,4,4.5
14701395,2,4.5
14901562,1,5.0
14902239,1,5.0
14926743,2,5.0
14953906,2,4.0
15100514,2,4.5
15274648,11,4.73
15310627,68,4.91
15316856,49,4.96
15364942,8,4.75
15367409,4,4.25
15389076,22,4.86
15406706,1,5.0
15441196,6,4.83
15454153,20,4.7
15487894,2,4.5
15508557,5,4.6
15538540,1,5.0
15589669,4,3.5
15687109,6,5.0
15773382,2,4.5
15775439,2,5.0
15792137,169,4.79
15792808,253,4.81
15813099,1,4.0
15919162,1,4.0
15933531,1,4.0
15965563,1,5.0
15991345,28,4.79
16006904,12,4.83
16007139,12,4.5
16044788,14,4.36
16057988,35,4.8
16110969,9,4.0
16118606,15,4.93
16149105,1,5.0
16149684,1,5.0
16150227,4,4.75
16150642,4,5.0
16209070,1,3.0
16213115,20,4.15
16213146,1,5.0
16220808,1,5.0
16260783,5,4.8
16309636,68,4.84
16370834,37,4.95
16424205,9,5.0
16462052,17,4.76
16477283,19,4.84
16502098,140,4.55
16519375,19,4.63
16552273,1,5.0
16606463,41,4.83
16621264,13,4.46
16650721,1,4.0
16742820,12,4.75
16743909,19,4.53
16744167,19,4.53
16745292,17,4.12
16750061,18,4.67
16798945,1,5.0
16846533,26,4.36
16848828,12,4.42
16881298,1,4.0
16891958,233,4.74
16966634,30,4.77
17053896,5,4.0
17179470,16,4.75
17191773,17,4.88
17442010,1,2.0
17488373,1,5.0
17519803,1,5.0
17601150,24,4.71
17615250,1,5.0
17626886,4,4.75
17641382,44,4.77
17736530,30,4.93
17740089,7,4.0
17766467,2,4.5
17927897,57,4.89
17928170,180,4.81
17928273,73,4.74
17929045,4,4.75
17929053,8,4.0
17929054,3,4.33
17929055,11,4.73
17949590,47,4.6
17951810,12,4.5
18000521,4,4.0
18052476,50,4.7
18109887,15,4.33
18151459,5,5.0
18166182,4,4.25
18169687,6,4.5
18184250,118,4.39
18199481,40,4.68
18202395,69,4.78
18235755,134,4.75
18253219,3,5.0
18388608,45,4.96
18421322,1,5.0
18434466,68,4.49
18452100,2,5.0
18508828,39,4.82
18513959,1,5.0
18674998,8,4.38
18675202,22,4.45
18858584,12,4.58
18899288,6,4.0
18905203,37,5.0
19107598,82,4.74
19218794,31,4.84
19231371,2,4.0
19595322,12,4.83
19595827,29,4.79
19648215,6,3.67
19652882,2,3.5
19731540,7,4.29
19774490,2,5.0
19801431,1,5.0
19831199,91,4.74
19895150,4,4.0
20003123,1,3.0
20016031,3,5.0
20084815,35,4.97
20096441,14,4.86
20182075,7,4.86
20395120,3,5.0
20468114,1,4.0
20512779,38,4.97
20625726,1,5.0
20625773,1,5.0
20698050,122,4.43
20774607,1,5.0
20778113,1,5.0
20791161,5,5.0
20806898,7,4.57
20824274,3,5.0
20877332,1,4.0
20888336,100,4.79
21013726,4,4.25
21015410,1,4.0
21015873,11,5.0
21015874,14,4.86
21015876,26,4.96
21015880,31,4.97
21015881,10,4.9
21015977,16,4.88
21037930,1,4.0
21044947,1,5.0
21154124,1,5.0
21227203,36,4.64
21283595,9,4.22
21402272,3,4.33
21415749,239,4.62
21416331,57,4.63
21416445,16,4.25
21419965,2,5.0
21420790,31,4.74
21428446,174,4.47
21462227,1,5.0
21552874,1,5.0
21605333,122,4.49
21650745,1,5.0
21670282,32,4.78
21703476,1,4.0
21722898,2,5.0
21755679,5,4.8
21758153,133,4.89
21772057,2,4.0
21793363,1,5.0
21803237,1,5.0
21854678,150,4.81
21854687,279,4.82
21854697,31,4.71
21887155,90,4.76
21913744,1,5.0
21915252,64,4.91
21916263,3,4.67
21927257,1,5.0
21970302,1,4.0
22019165,1,5.0
22021287,10,4.8
22051870,159,4.67
22051992,1,5.0
22090557,1,5.0
22177543,1,1.0
22193170,19,4.79
22214451,1,5.0
22230934,1,4.0
22233862,62,4.81
22267147,2,3.5
22345943,2,5.0
22376153,2,4.5
22395492,2,4.0
22561172,6,4.67
22577896,9,4.56
22588306,3,4.33
22590845,2,4.0
22594189,12,4.58
22733377,4,4.5
22745179,145,4.93
22798533,21,4.86
22874441,3,4.67
22890318,7,4.71
22912035,8,4.75
22912163,6,5.0
22971370,2,5.0
22979766,32,4.97
22990388,9,4.67
22990457,11,4.64
23015765,7,4.43
23045739,11,4.64
23048720,1,4.0
23063409,3,5.0
23070167,6,4.83
23094299,14,4.57
23097015,5,4.6
23112197,1,5.0
23264528,3,5.0
23279111,12,4.5
23315012,41,4.76
23348921,2,5.0
23360633,2,4.5
23361035,4,4.5
23362544,10,4.8
23380199,3,4.0
23598682,28,4.93
23733935,8,5.0
23775041,1,5.0
23861900,4,4.5
23862116,2,5.0
24125960,22,4.5
24161078,4,5.0
24170288,3,4.33
24420175,7,4.29
24447655,4,4.0
24528929,76,4.5
24546514,83,4.46
24571017,89,4.47
24586538,88,4.59
24606096,6,4.83
24618190,2,4.5
24635669,1,3.0
24636266,2,3.5
24636530,1,5.0
24659042,181,4.72
24664051,134,4.63
24682695,3,4.33
24707713,129,4.6
24720145,69,4.39
24725185,2,5.0
24741587,6,4.0
24761439,22,4.14
24763374,5,4.4
24763494,3,4.33
24763572,2,4.0
24765067,2,4.5
24785006,1,3.0
24785613,1,5.0
24855606,10,4.4
24919927,5,4.2
24972169,1,5.0
24979153,113,4.62
24984672,110,4.69
25087117,2,5.0
25183317,1,4.0
25183623,6,4.83
25184205,3,4.67
25282863,102,4.76
25300648,3,4.0
25324517,3,4.33
25353206,1,5.0
25366424,84,4.88
25402824,4,4.25
25424295,5,4.4
25435388,56,5.0
25711980,1,4.0
25797887,1,4.0
25815030,16,4.75
25860399,1,5.0
25877353,4,4.0
25909373,2,4.0
25926356,1,5.0
25953564,1,1.0
25963531,2,4.0
25985995,2,5.0
26018504,2,3.5
26183286,1,4.0
26290123,1,5.0
26290281,2,5.0
26293068,2,5.0
26369349,61,4.89
26382243,1,3.0
26435923,34,4.71
26583889,10,4.9
26722862,2,3.5
27125463,1,5.0
27173843,1,5.0
27513236,6,5.0
27513625,5,5.0
27581596,2,5.0
27603657,1,5.0
27816487,1,5.0
27858471,1,5.0
27882577,1,5.0
28000993,1,5.0
28115820,1,4.0
28198324,2,4.0
28264364,27,4.67
28522862,1,4.0
28536238,27,4.56
28649449,1,4.0
28700151,1,5.0
28724933,1,5.0
28772425,2,5.0
28788262,1,4.0
28794509,22,4.18
28998042,7,4.43
28998072,14,4.36
28998095,7,4.43
28998145,3,3.67
28998161,59,4.41
28998181,7,4.29
28998191,7,4.86
29015768,64,4.59
29020376,29,4.79
29076794,5,4.8
29302695,42,4.98
29319213,6,4.0
29319686,2,4.0
29320487,2,4.0
29325647,1,4.0
29355663,2,4.0
29525240,2,4.5
29525299,7,4.43
29525951,31,4.61
29526045,34,4.24
29547507,2,4.0
29548114,1,5.0
29548473,2,5.0
29552115,84,4.92
29552643,120,4.83
29554536,16,4.75
29579499,233,4.83
29580481,37,4.92
29581373,75,4.84
29768671,1,4.0
29977663,1,5.0
29996505,1,5.0
30044864,2,4.0
30046453,1,5.0
30058572,1,5.0
30234271,1,5.0
30385249,9,4.22
30385261,3,4.33
30385269,1,4.0
30385291,2,3.0
30385453,10,4.6
30410480,1,5.0
30413459,2,5.0
30434753,1,3.0
30453430,1,5.0
30494592,2,5.0
30543386,1,5.0
30570119,1,5.0
30687199,110,4.93
30778537,1,4.0
30783602,2,5.0
30878734,2,5.0
30966211,2,5.0
31002918,4,4.5
31003554,165,4.86
31081282,1,5.0
31129905,1,5.0
31155160,1,4.0
31196834,13,4.69
31201327,62,4.77
31218304,29,5.0
31219674,13,4.92
31357872,1,5.0
31424549,7,4.57
31424940,12,4.75
31457968,19,4.84
31573008,25,4.8
31634142,31,4.81
31664598,7,4.71
31812483,20,4.95
31959810,6,5.0
31960343,11,4.73
31960810,7,4.57
31965730,13,4.92
32027361,1,5.0
32031648,8,4.88
32171204,2,5.0
32205289,31,4.45
32296304,8,5.0
32303894,1,5.0
32309635,1,5.0
32351804,1,4.0
32394595,4,4.75
32488562,4,4.75
32526213,22,4.55
32576311,1,1.0
32621960,2,4.5
32623479,12,4.92
32723994,1,5.0
32729464,1,5.0
32729775,1,5.0
32732351,1,5.0
32748783,2,3.5
32777995,1,5.0
32818879,2,4.0
32821771,2,4.5
32822945,1,5.0
32832467,1,5.0
32846195,6,4.83
32874731,1,5.0
32906878,4,5.0
32949187,1,5.0
32949544,1,5.0
33050985,6,5.0
33076582,2,5.0
33085362,1,3.0
33098686,4,5.0
33216747,2,5.0
33330793,1,3.0
33394388,10,4.2
33436577,23,4.7
33457052,1,5.0
33460906,8,4.88
33490643,11,4.91
33536365,33,4.76
33622349,3,4.33
33634552,68,4.68
33669171,70,4.84
33722089,2,3.5
33734018,4,5.0
33748928,27,4.7
33792104,1,5.0
33885738,1,4.0
33982757,64,4.44
33999107,5,4.4
34052336,2,4.0
34071208,72,4.51
34071596,51,4.29
34071837,66,4.38
34072244,52,4.48
34073545,20,4.25
34076777,2,5.0
34082010,2,4.0
34186257,14,4.64
34288316,1,3.0
34346401,1,4.0
34454047,12,4.92
34489654,19,4.84
34526007,46,4.78
34569244,2,5.0
34569884,8,4.5
34579286,46,4.85
34627895,1,5.0
34654117,1,4.0
34819352,28,4.86
34909012,1,5.0
34950613,1,5.0
34964444,1,5.0
35026116,1,5.0
35077531,7,4.29
35077950,3,4.33
35082329,16,4.31
35102472,52,4.85
35181133,1,1.0
35185755,1,5.0
35185822,2,4.5
35300552,1,5.0
35300977,4,4.25
35302676,7,4.43
35335972,1,5.0
35336070,2,4.0
35359778,14,4.57
35363901,1,5.0
35397761,1,5.0
35469684,3,5.0
35483332,3,4.67
35483354,3,4.67
35723337,6,4.33
35747289,4,4.5
35818107,15,4.33
35883311,6,4.17
35883439,6,4.17
35885309,16,4.38
35991648,27,4.89
36008984,1,5.0
36009935,2,5.0
36013750,1,5.0
36080117,2,4.5
36122224,1,5.0
36129690,3,5.0
36156663,1,5.0
36216542,33,4.58
36226718,6,5.0
36252767,1,5.0
36264042,38,4.58
36285087,25,4.76
36285346,1,5.0
36354920,2,5.0
36530311,1,3.0
36570785,10,5.0
36581961,15,4.93
36618900,6,4.0
36760495,28,4.96
36808814,17,5.0
36852543,1,5.0
36989732,4,5.0
37111118,6,4.5
37141391,1,4.0
37219959,1,2.0
37219965,1,3.0
37219971,2,5.0
37334803,2,5.0
37419221,4,4.0
37484436,69,4.38
37587133,1,5.0
37605217,1,5.0
37905248,1,5.0
37916346,130,4.54
37947662,1,5.0
37981411,1,4.0
37984003,3,5.0
37984524,2,4.5
37999599,220,4.7
38005247,1,5.0
38026889,27,4.81
38035489,1,5.0
38134989,335,4.68
38136195,5,4.8
38305984,1,5.0
38307308,1,5.0
38308020,14,4.29
38388737,29,4.72
38399837,4,4.0
38417543,26,4.81
38530815,1,3.0
38639800,1,5.0
38910295,1,3.0
38914093,34,4.5
38916143,161,4.49
38935611,3,5.0
38939902,66,4.23
38951604,3,5.0
38965851,6,4.67
38986386,10,4.5
38986709,25,4.44
38987390,15,4.0
39014250,23,4.48
39014610,33,4.7
39115031,1,5.0
39119402,2,4.5
39158146,4,4.5
39212874,4,4.25
39293936,8,5.0
39325093,1,5.0
39338786,58,4.52
39380253,1,5.0
39401038,1,5.0
39451138,4,5.0
39451764,1,5.0
39488084,2,4.0
39589304,88,4.75
39603119,3,4.33
39612598,1,5.0
39638066,4,4.5
39654440,14,5.0
39657837,3,5.0
39679521,2,5.0
39689162,8,5.0
39732502,1,5.0
39822559,1,5.0
39824181,4,5.0
40048607,4,5.0
40072058,9,4.44
40198092,16,5.0
40211954,1,5.0
40213569,4,4.75
40315763,1,5.0
40361907,9,4.22
40456301,29,4.59
40516462,1,5.0
40641448,6,4.5
40642051,1,4.0
40642810,3,3.67
40663631,3,5.0
40681844,3,4.67
40690201,12,4.92
40708485,10,4.3
40712903,3,4.67
40736423,5,4.6
40736566,2,5.0
40765359,5,4.2
40769351,3,5.0
40809878,2,4.0
40816592,3,4.33
40833390,3,4.67
40855337,16,4.63
40875632,4,5.0
40881888,25,4.68
40904017,20,4.85
40909907,30,4.87
40933623,3,4.67
40941821,12,4.92
40966161,3,5.0
40974119,1,5.0
40974363,3,3.67
40974569,2,5.0
40975409,3,3.33
40975603,16,4.38
40975736,8,4.63
41014661,18,3.94
41014693,2,4.0
41032597,10,5.0
41032819,30,4.83
41032965,1,5.0
41033189,12,4.83
41069184,1,5.0
41070234,9,4.67
41089548,1,5.0
41090834,2,5.0
41090879,4,4.0
41091240,6,4.17
41091895,3,4.0
41116137,7,3.29
41116342,21,4.48
41117291,12,4.67
41125664,1,5.0
41158163,3,4.67
41160357,1,5.0
41299496,1,5.0
41323209,3,5.0
41388877,1,5.0
41439350,8,4.5
41439736,11,4.36
41450369,2,5.0
41460941,8,4.38
41476885,2,4.0
41481981,145,4.87
41482560,140,4.88
41566195,1,5.0
41568582,1,5.0
41570615,7,4.57
41611248,1,1.0
41753013,1,4.0
41889066,1,4.0
42079535,268,4.34
42079889,83,4.34
42081657,505,4.44
42104603,1,5.0
42144452,1,5.0
42190445,1,5.0
42301881,1,4.0
42337015,5,5.0
42337552,1,5.0
42337799,7,4.86
42417293,259,4.75
42545364,6,4.67
42545850,9,5.0
42555321,2,4.5
42555446,1,4.0
42555592,7,4.29
42588720,11,5.0
42696868,27,4.96
42697304,5,5.0
42750393,1,5.0
42752743,1,4.0
42753075,1,5.0
42796548,9,4.22
42872451,1,5.0
42885763,59,4.51
42885911,130,4.56
42913012,1,5.0
43089999,4,4.0
43108706,1,4.0
43112898,1,5.0
43143215,2,5.0
43177325,16,4.88
43183219,1,5.0
43313813,17,4.88
43354292,3,5.0
43354914,3,5.0
43355016,1,5.0
43358921,2,5.0
43359021,1,5.0
43359087,1,4.0
43359359,2,5.0
43359426,2,4.5
43393378,18,4.94
43492196,8,4.88
43493044,2,5.0
43542472,14,4.64
43629592,22,4.95
43649078,96,4.65
43922476,2,5.0
44069414,1,5.0
44283744,8,4.75
44420536,191,4.51
44626865,1,5.0
45005221,1,5.0
45131086,3,4.33
45440615,6,4.83
45474953,1,4.0
45680876,1,5.0
45778518,1,2.0
45779393,2,5.0
45871999,1,5.0
45902566,2,5.0
45961316,4,5.0
45961358,1,5.0
45962749,2,5.0
45962895,7,5.0
45963685,5,5.0
46057282,8,5.0
46057773,10,4.9
46057791,2,4.5
46073890,13,4.46
46075495,1,5.0
46096669,8,4.63
46108799,1,5.0
46144841,8,4.38
46321781,1,5.0
46473348,2,5.0
46474181,6,5.0
46475439,3,4.67
46475535,7,4.86
46475821,4,4.75
46475943,4,5.0
46476119,1,4.0
46491972,7,4.29
46605955,2,5.0
46669109,1,4.0
46686166,10,4.9
46686341,5,3.6
46698429,2,5.0
46698961,1,4.0
47188396,1,5.0
47295315,102,4.78
47295571,1,5.0
47295577,20,4.85
47295777,17,4.82
47296644,27,4.78
47296851,33,4.55
47460138,1,3.0
47477733,1,5.0
47555385,3,4.67
47912630,157,4.54
47912877,80,4.54
47927882,3,5.0
47945468,1298,4.77
47945578,17,4.35
47945703,113,4.81
47945986,35,4.66
48019222,759,4.78
48019325,77,4.7
48019417,117,4.72
48019515,65,4.69
48033280,323,4.52
48033351,961,4.53
48033436,138,4.44
48098802,2,4.5
48127824,1,5.0
48153394,1,4.0
48176330,4,4.5
48246660,4,5.0
48261012,1,5.0
48264716,1,5.0
48265114,5,4.8
48265411,3,4.67
48313505,8,4.88
48510579,1,5.0
48531971,2,5.0
48613065,25,4.36
48743492,3,4.0
49048346,200,4.62
49048569,102,4.75
49099810,126,4.44
49209267,1,5.0
49535860,1,5.0
49863259,198,4.82
49936029,2,4.5
49951302,23,4.57
50278378,2,5.0
50294480,6,4.67
50333798,4,5.0
50433019,16,4.88
50476069,2,4.0
50562391,1,5.0
50707898,1,5.0
50708702,5,5.0
50737006,18,4.83
50822490,3,5.0
50822918,13,4.77
50823476,1,5.0
50844665,2,5.0
51075717,196,4.61
51076382,275,4.54
51131949,67,4.69
51223656,1,5.0
51660574,18,4.72
51660773,170,4.76
51661055,63,4.92
51661224,189,4.85
51759139,3,5.0
51858493,5,5.0
51898390,2,4.5
51931255,70,4.87
51931450,28,4.96
51931632,19,4.63
51946794,20,4.6
51946940,31,4.68
51947045,43,4.79
52062009,24,4.38
52062197,26,4.58
52157275,2,3.0
52301070,2,5.0
52357276,165,4.73
52357563,23,4.52
52357696,36,4.69
52357956,30,4.7
52359332,14,4.5
52360450,3,5.0
52575543,30,4.77
52575637,69,4.87
52681365,2,4.5
52910692,1,5.0
52911736,5,4.2
52977792,4,4.75
53014553,1,5.0
53038612,1,5.0
53070791,1,5.0
53073961,8,4.75
53119442,5,4.6
53122920,2,5.0
53123488,1,5.0
53166174,12,4.75
53174768,35,4.94
53175494,1,5.0
53175628,1,4.0
53175850,6,4.5
53193333,1,5.0
53196067,11,4.64
53196481,4,5.0
53222711,20,4.9
53260515,20,4.9
53260824,4,4.75
53270162,4,5.0
53281701,20,4.9
53301824,7,5.0
53355259,14,4.93
53355991,8,4.88
53374606,3,5.0
53388036,26,4.96
53406678,5,4.8
53465105,25,4.92
53465265,3,4.67
53465478,22,4.91
53483449,1,5.0
53618034,8,4.88
53622188,3,5.0
53632741,2,5.0
53633752,2,5.0
53697444,7,4.86
53819000,20,4.85
53836629,4,3.5
53836902,1,1.0
53853183,1,5.0
53855956,2,5.0
53905492,20,3.65
53905653,19,4.05
54188078,6,4.83
54204802,21,4.86
54205551,3,5.0
54205610,4,4.75
54237144,32,4.91
502480461,1,5.0
548205562,139,4.51
562605971,12,5.0
563596809,1,5.0
567225306,26,4.88
567910789,11,4.73
569225009,6,5.0
571344298,70,4.81
571352760,124,4.79
597236119,4,4.5
598767056,22,4.68
598911290,3,5.0
599562996,1,4.0
599610659,1,4.0
599626408,12,4.5
602404867,7,4.86
604716361,1,5.0
605534351,11,4.91
606329696,312,4.55
610566475,1,5.0
611242881,17,4.82
613542199,3,5.0
613551678,7,5.0
616269766,3,5.0
617247173,54,4.46
620777463,1,5.0
620788126,1,4.0
622961762,12,4.75
623042143,35,4.89
623562080,1,4.0
623646658,1,5.0
623665139,1,4.0
623676922,3,4.33
625829847,4,4.0
627856247,1,5.0
627993362,1,5.0
629189587,15,4.33
634496066,4,5.0
634534978,11,4.45
634569447,2,5.0
635987457,1,5.0
638176617,1,5.0
638201906,1,5.0
643090826,6,5.0
644687177,3,4.33
650228376,3,5.0
650233126,5,4.6
654125120,9,4.0
654132220,8,4.13
654135534,11,4.36
654139939,2,3.5
657378468,19,4.58
661126911,71,4.04
661141365,4,4.5
663003515,3,5.0
669791782,2,2.5
670691878,10,4.7
670732632,7,4.43
670740956,4,4.75
670746100,4,4.25
670750910,19,4.68
670754302,3,3.67
670758750,7,4.14
670887749,6,4.5
673763438,32,4.81
674952495,9,4.56
674964505,6,4.17
674976333,4,5.0
675675863,9,4.33
675682174,9,4.44
675861895,4,3.0
675870259,17,4.35
676406619,3,3.67
678593171,9,4.33
680200338,4,4.5
680202927,3,3.67
685013587,7,4.43
685023601,10,4.1
685035523,21,4.14
688622666,2,2.5
691733988,1,2.0
692747103,1,5.0
692748972,1,5.0
694094996,1,5.0
696253795,6,5.0
707565204,65,4.89
709042272,2,4.5
709939057,34,4.88
711120497,2,4.5
711221925,3,4.0
711260846,1,2.0
711980096,1,2.0
711986650,6,2.67
713931790,25,4.88
714890700,2,4.0
716283486,12,4.92
719821104,4,5.0
721480577,1,3.0
724214731,2,5.0
734335764,7,4.43
734588947,42,4.88
734600133,13,4.54
738632897,1,5.0
741440446,3,5.0
743171291,1,5.0
743171330,2,5.0
749758789,8,5.0
755422693,16,4.69
755560671,6,4.67
756273570,2,4.5
764824832,2,5.0
771234942,1,5.0
771247750,7,4.57
771301226,1,4.0
771311210,1,4.0
771426892,1,2.0
772771788,2,4.5
772794978,8,4.88
774251290,3,5.0
776405587,8,3.88
780073511,10,4.9
782824856,9,4.78
782868929,7,4.57
789762213,9,3.89
791220299,14,4.57
791827163,4,3.5
791849721,10,3.4
791860562,4,4.0
795610316,9,4.78
796557098,1,5.0
797803598,5,4.6
798224495,3,5.0
798264417,18,4.94
798279586,2,5.0
800298184,8,4.13
801186555,17,4.71
801920114,27,4.85
806295889,4,5.0
806312921,118,4.87
806321235,16,5.0
810376811,8,4.88
819865960,1,5.0
822046864,1,2.0
822059164,7,4.86
825255331,1,5.0
825579456,2,5.0
826508772,1,4.0
827845795,11,4.18
829322076,1,5.0
830754747,3,5.0
831008711,7,4.29
831033318,13,3.92
831518184,1,5.0
832538193,13,4.69
838867174,1,5.0
852527793,4,5.0
852711649,2,4.5
853124282,4,5.0
853329364,36,4.81
853329655,34,4.82
853333353,54,4.87
854000299,2,4.0
856237979,1,5.0
856893840,2,5.0
863260350,2,5.0
863992542,5,5.0
864099010,3,4.33
864117612,2,5.0
866448854,1,5.0
867296050,3,4.0
869099179,9,5.0
870150798,8,5.0
870182864,5,5.0
872033189,5,4.6
873140844,5,4.8
873151302,16,4.81
873151554,14,4.5
873151881,4,4.5
873159641,5,4.6
876437098,2,5.0
878488989,1,5.0
878489359,1,5.0
878489587,3,5.0
892382752,58,4.86
896425506,2,4.5
896425553,4,5.0
897448879,2,5.0
897507768,2,4.0
898183559,43,4.44
898295862,1,5.0
906259459,1,5.0
907077257,1,5.0
907686638,2,4.0
910070794,12,4.92
912791958,3,5.0
914805460,173,4.07
915670366,1,5.0
916360007,3,5.0
917878438,2,2.0
917885193,1,1.0
918098632,1,5.0
919968290,1,5.0
927092195,9,4.22
927104359,14,4.71
933141148,3,5.0
934346542,148,4.81
934354866,20,4.7
934368914,27,4.89
934381114,28,4.79
934386884,6,4.33
935094489,2,5.0
938672532,12,4.58
938816375,20,4.85
938821130,11,4.91
938826741,17,4.71
939706932,13,4.54
939714606,5,3.6
942238998,1,5.0
942498058,4,4.75
943118105,1,5.0
943163894,1,3.0
943220901,4,5.0
944449482,5,4.4
944612487,4,4.75
948700412,7,4.86
949650431,2,5.0
954625302,3,5.0
957684538,25,5.0
959465909,34,4.41
974183835,20,4.85
974194294,6,5.0
994831838,3,5.0
996212506,269,3.98
999267804,32,4.5
100037811,9,4.78
100170494,1,5.0
100180816,1,5.0
100191754,39,3.31
100252255,5,3.4
100252901,10,3.5
100253270,13,3.69
100253998,4,4.5
100254375,5,3.2
100255150,43,3.56
100380454,1,1.0
100392351,5,4.8
100466870,5,4.4
100558570,10,3.4
100558942,33,3.88
100872396,4,5.0
100931061,66,3.95
100965183,4,4.25
100966202,12,4.42
101567443,2,3.0
102101649,9,4.56
102101652,2,5.0
102101653,1,5.0
102102420,9,4.67
102169558,5,4.0
102558888,8,5.0
102865768,1,3.0
103256159,4,4.75
103374517,27,4.37
103600295,5,4.4
103962802,15,4.53
104108908,6,4.33
104525405,33,4.15
104531572,54,4.28
104977010,1,5.0
105038475,1,4.0
105038832,6,4.5
105699115,1,5.0
106841962,56,4.57
106997824,1,5.0
107006072,8,4.13
107009224,3,3.0
107210322,18,4.72
107297646,12,4.5
107600952,8,3.5
107706616,518,4.79
108140665,80,4.34
108161386,6,4.67
108376311,6,5.0
108532995,2,5.0
108722605,23,4.61
108739982,10,4.4
109084412,12,4.92
109095621,16,4.31
109235517,4,4.75
109242022,2,5.0
109320134,7,4.86
109591570,6,4.0
109816243,4,4.5
109824280,32,4.88
109825341,4,5.0
109826969,7,4.71
109829603,3,5.0
110701136,7,4.43
110701814,20,4.3
110703871,25,4.72
110920492,1,3.0
111052085,1,2.0
111624957,2,5.0
111725716,2,5.0
111859274,1,5.0
111988969,10,3.4
111995526,10,3.3
112076440,4,4.5
112085542,10,4.8
112088328,19,5.0
112238940,4,4.75
112240544,7,4.71
112506131,33,4.45
112572852,1,5.0
112642182,62,4.21
112643265,8,4.13
112644129,11,3.91
112644713,14,4.43
112655976,28,4.32
112712074,107,4.36
112712531,14,4.29
112712925,28,4.04
112713485,12,3.58
112895038,16,4.81
113040389,12,4.75
113312674,8,4.63
113391507,9,4.0
113803670,1,4.0
114164559,1,5.0
114183630,1,5.0
114392197,1,3.0
114392594,5,4.2
114392913,2,4.5
114537887,1,5.0
114742372,1,5.0
114817114,2,4.0
115072626,5,5.0
115188005,13,3.54
115192101,25,4.08
115554127,3,5.0
115605524,7,5.0
115608961,1,1.0
115619444,17,3.71
115987727,38,4.03
116342577,13,4.08
116407948,4,4.75
116408498,1,5.0
116408848,6,5.0
116782084,20,4.5
116848101,1,4.0
116923749,1,4.0
116923932,1,5.0
117077133,16,4.94
117216722,1,5.0
117217691,11,4.91
117225619,2,5.0
117305596,2,5.0
117378794,2,4.5
117715737,1,4.0
117726658,1,5.0
118090622,1,5.0
118601712,1,5.0
118954732,1,2.0
119776743,3,5.0
120197123,5,4.6
120353969,1,4.0
120897610,3,2.33
120975000,1,5.0
121113996,8,4.5
121156757,1,5.0
121277820,1,5.0
121369217,81,4.63
121438604,2,4.5
121498955,6,4.5
121761224,1,5.0
122345967,6,4.83
122597266,1,5.0
122685643,16,4.75
122685658,5,4.8
122685659,15,4.27
122685661,2,4.0
122738714,6,4.17
122782227,2,5.0
122833037,1,5.0
122902899,7,4.86
122903834,3,3.0
123153180,1,5.0
123190853,7,4.86
123412759,1,4.0
123412774,10,4.5
123903450,1,4.0
123987972,1,5.0
124386015,3,4.0
124388204,4,4.0
124396893,6,4.33
124398229,24,3.96
124476015,1,2.0
124500892,2,5.0
124500942,2,4.5
124503622,2,5.0
124503646,2,5.0
124504059,1,3.0
124504081,1,2.0
124504142,1,5.0
124504155,1,5.0
124504209,1,5.0
124504383,2,5.0
124504420,1,5.0
124504423,5,5.0
124504434,2,5.0
124763130,2,5.0
124812216,4,4.25
125331431,73,4.71
125350153,1,5.0
125406135,40,4.78
125706618,3,4.67
125767106,10,4.9
125788390,1,5.0
126237370,4,5.0
126237371,9,4.44
126237374,3,4.67
126237376,6,4.67
126528890,3,4.33
126528923,3,4.67
126528943,1,5.0
126528950,17,4.29
126714218,14,3.93
126848801,22,4.36
126849134,18,4.44
126853466,19,4.05
126854012,1,1.0
126855050,8,4.13
126855918,25,4.52
126856543,7,3.86
126859136,3,4.0
126861135,1,4.0
127218638,58,4.19
127222921,68,3.99
127224355,5,2.4
127225188,1,4.0
127225538,2,3.5
127225910,9,3.56
127228358,2,5.0
127285571,14,3.57
127314644,1,4.0
127314650,9,4.44
127314689,3,5.0
127314691,3,5.0
127314708,14,4.86
127314710,1,5.0
127314711,1,5.0
127314738,8,4.13
127314751,1,5.0
128902434,3,3.0
128963460,1,3.0
128971900,5,3.4
129394755,1,3.0
129824056,4,4.75
129828016,6,4.5
129830627,8,4.25
129835062,2,4.5
129839408,1,4.0
129848686,1,5.0
129849901,1,5.0
129987782,1,5.0
129989245,3,4.67
129992882,1,5.0
130394745,5,4.6
130406856,9,4.78
130406957,8,5.0
130407494,1,5.0
130424393,1,3.0
130501583,2,4.5
130576419,2,4.5
130603696,2,3.5
130604881,3,4.33
130625061,4,4.0
130627413,4,4.75
130637233,6,4.67
130685455,1,5.0
130685954,1,5.0
130931251,3,4.0
131104628,4,5.0
131281256,4,4.5
131565201,2,3.5
131565209,2,3.5
131565251,2,3.5
131565251,1,5.0
131565260,1,5.0
131565261,1,4.0
131565268,1,5.0
131567203,1,5.0
132172208,3,5.0
132351190,3,4.33
132951914,9,5.0
133453565,3,3.67
133456313,1,5.0
133457408,11,4.09
133458758,1,3.0
133459523,10,3.4
133813159,132,4.75
133944458,4,4.5
134013914,2,4.0
134170159,2,5.0
134320104,29,4.72
134320644,12,4.5
134388743,1,5.0
134397475,3,4.67
134468299,6,4.0
134489459,2,4.5
134599432,1,4.0
134602723,2,4.5
134603959,2,4.5
134635442,1,5.0
134826834,3,2.0
134833846,3,1.67
134834085,1,2.0
134881939,1,4.0
135287355,7,4.14
135333713,2,2.5
135400522,2,2.5
135484778,3,5.0
135488399,9,5.0
135538655,2,4.5
135541986,2,5.0
135780587,3,5.0
135843295,2,5.0
135927046,1,5.0
135944699,2,4.5
135951460,1,4.0
135978615,1,4.0
135988500,2,3.5
136000278,2,4.0
136044192,5,4.2
136044214,2,4.5
136044325,1,5.0
136052015,5,4.4
136075060,1,4.0
136149791,1,4.0
136151003,1,2.0
136159597,1,5.0
136560714,7,3.43
136569387,39,4.49
136712862,27,4.33
136767500,2,3.0
136842907,5,4.8
136845053,13,4.92
136847758,2,5.0
136858485,3,5.0
136858485,15,4.53
136858578,21,4.05
136858586,18,4.33
136858587,1,5.0
136858717,3,3.67
136858717,2,4.5
136858725,1,1.0
136858726,9,4.33
136931196,3,4.67
137134368,3,3.33
137135085,1,4.0
137136158,4,4.5
137137967,1,5.0
137138002,1,5.0
137145730,1,3.0
137145730,1,3.0
137146866,1,5.0
137146932,1,5.0
137147350,2,4.0
137148315,1,5.0
137148352,1,5.0
137148357,1,5.0
137454476,2,5.0
137884853,10,4.8
138088443,3,4.0
138088455,1,5.0
138131039,1,1.0
138231129,5,4.2
138237641,2,5.0
138451712,1,3.0
138451718,1,4.0
138526014,3,4.67
138526805,1,5.0
138527076,2,4.5
138740804,1,5.0
138953319,1,5.0
138955534,1,5.0
138971901,5,4.2
139034575,8,4.88
139035392,1,5.0
139039859,3,5.0
139214878,1,5.0
139215152,1,5.0
139215162,4,5.0
139215334,1,5.0
139381584,1,3.0
139381601,2,4.5
139381615,1,5.0
139401101,1,5.0
139466316,3,5.0
139466632,2,5.0
139466810,33,4.79
139467268,1,5.0
139467477,3,4.67
139468574,4,2.75
139468591,1,4.0
139468591,5,3.6
139470254,1,5.0
139470302,4,4.75
139470302,7,4.71
139471801,6,3.5
139471801,1,5.0
139471816,4,3.75
139471817,1,4.0
139471830,2,3.0
139472967,5,3.6
139472967,48,4.33
139473001,2,3.0
139495063,2,3.0
139495063,6,3.83
139496251,1,5.0
139496252,105,4.54
139496279,66,4.42
139497822,3,3.0
139497822,2,3.5
139497839,4,3.5
139499439,4,4.25
139499439,5,3.4
139526625,26,4.15
139526625,13,4.38
139526663,5,2.8
139527757,13,3.77
139529090,1,4.0
139529153,9,3.33
139530735,4,3.75
139530737,8,4.25
139530738,4,3.75
139535625,97,4.21
139535646,10,4.3
139536859,69,4.03
139536859,2,2.5
139536883,6,3.67
139538070,2,4.5
139538070,17,3.82
139554972,1,5.0
139604475,2,5.0
139903602,5,3.6
139903958,11,4.09
139903958,7,4.0
139903965,5,3.8
139903973,1,5.0
139903992,2,3.5
139903992,11,4.09
139904000,13,3.46
139990730,2,5.0
139993551,2,5.0
139997893,1,5.0
140036890,1,4.0
140036893,1,5.0
140036947,1,5.0
140036951,1,5.0
140036954,1,5.0
140036985,1,5.0
140134634,1,4.0
140262358,1,4.0
140262375,3,4.33
140262381,2,5.0
140273521,1,5.0
140421278,1,5.0
140421293,1,5.0
140425645,1,5.0
140557080,4,4.25
140613354,2,4.5
140865366,3,4.33
140919044,2,5.0
140990583,1,5.0
140990627,1,5.0
140990628,3,4.67
140990952,2,5.0
141067173,2,5.0
141070192,1,5.0
141672340,3,5.0
141673522,1,5.0
141675429,3,4.67
141716659,2,5.0
141791812,4,4.75
141885716,1,4.0
141886717,5,4.0
142165802,1,1.0
142364368,2,5.0
142424988,3,4.67
142425006,3,5.0
142425018,2,5.0
142425019,2,5.0
142442870,1,5.0
142444754,3,5.0
142444790,11,4.45
142444820,1,5.0
142444886,1,5.0
142444975,3,4.33
142514879,1,5.0
142585988,2,4.5
142603158,2,5.0
142663553,3,4.67
142664167,3,4.33
142705887,1,5.0
142942961,7,4.43
143048150,10,4.4
143049248,4,3.75
143050163,1,4.0
143077881,25,4.84
143078480,3,5.0
143085875,2,5.0
143086508,1,5.0
143087502,2,4.0
143099868,2,5.0
143548117,1,5.0
143549873,1,4.0
143550120,6,4.83
143550827,5,5.0
144848641,2,5.0
144848948,1,3.0
144936243,1,5.0
145126237,1,5.0
145365242,6,4.17
145484620,2,5.0
145488586,1,5.0
146795025,1,3.0
146795216,2,4.5
146801805,1,5.0
147006059,1,5.0
148336673,3,4.67
148475731,2,5.0
148624251,1,5.0
149116204,1,5.0
149566765,3,5.0
